output_id,engine,system_prompt,train_set,test_set,t,d,score,accuracy,remarks
1,gpt-4o,"
Provide solutions for test puzzles
",single_3_3_0,single_3_3_1,3,3,0,0,
2,gpt-4o,"
Provide solutions for test puzzles
",single_3_3_0,single_3_3_0,3,3,10,1,
12,gpt-4o,"
Provide solutions for test puzzles
",OneShot_3_3_0,OneShot_3_3_0,3,3,1,1,"Prompt was not explanatory, all problem ids were kept same (000)"
13,gpt-4o,"
Provide solutions for test puzzles
",OneShot_3_3_0,OneShot_3_3_1,3,3,0,0,"Prompt was not explanatory, all problem ids were kept same (000)"
14,gpt-4o,"
Provide solutions for test puzzles
",OneShot_3_3_0,OneShot_3_3_2,3,3,0,0,"Prompt was not explanatory, all problem ids were kept same (000)"
15,gpt-4o,"
Provide solutions for test puzzles
",OneShot_3_3_0,OneShot_3_3_3,3,3,1,1,"Prompt was not explanatory, all problem ids were kept same (000)"
16,gpt-4o,"
Provide solutions for test puzzles
",OneShot_3_3_0,OneShot_3_3_4,3,3,0,0,"Prompt was not explanatory, all problem ids were kept same (000)"
17,gpt-4o,"
Provide solutions for test puzzles
",OneShot_3_3_0,OneShot_3_3_5,3,3,0,0,"Prompt was not explanatory, all problem ids were kept same (000)"
18,gpt-4o,"
Provide solutions for test puzzles
",OneShot_3_3_0,OneShot_3_3_6,3,3,0,0,"Prompt was not explanatory, all problem ids were kept same (000)"
19,gpt-4o,"
Provide solutions for test puzzles
",OneShot_3_3_0,OneShot_3_3_7,3,3,0,0,"Prompt was not explanatory, all problem ids were kept same (000)"
20,gpt-4o,"
Provide solutions for test puzzles
",OneShot_3_3_0,OneShot_3_3_8,3,3,1,1,"Prompt was not explanatory, all problem ids were kept same (000)"
21,gpt-4o,"
Provide solutions for test puzzles
",OneShot_3_3_0,OneShot_3_3_9,3,3,1,1,"Prompt was not explanatory, all problem ids were kept same (000)"
22,gpt-4o,"
Provide solutions for test puzzles
",OneShot_3_3_1,OneShot_3_3_0,3,3,0,0,"Prompt was not explanatory, all problem ids were kept same (000)"
23,gpt-4o,"
Provide solutions for test puzzles
",OneShot_3_3_1,OneShot_3_3_1,3,3,1,1,"Prompt was not explanatory, all problem ids were kept same (000)"
24,gpt-4o,"
Provide solutions for test puzzles
",OneShot_3_3_1,OneShot_3_3_2,3,3,0,0,"Prompt was not explanatory, all problem ids were kept same (000)"
25,gpt-4o,"
Provide solutions for test puzzles
",OneShot_3_3_1,OneShot_3_3_3,3,3,0,0,"Prompt was not explanatory, all problem ids were kept same (000)"
26,gpt-4o,"
Provide solutions for test puzzles
",OneShot_3_3_1,OneShot_3_3_4,3,3,0,0,"Prompt was not explanatory, all problem ids were kept same (000)"
27,gpt-4o,"
Provide solutions for test puzzles
",OneShot_3_3_1,OneShot_3_3_5,3,3,0,0,"Prompt was not explanatory, all problem ids were kept same (000)"
28,gpt-4o,"
Provide solutions for test puzzles
",OneShot_3_3_1,OneShot_3_3_6,3,3,0,0,"Prompt was not explanatory, all problem ids were kept same (000)"
29,gpt-4o,"
Provide solutions for test puzzles
",OneShot_3_3_1,OneShot_3_3_7,3,3,0,0,"Prompt was not explanatory, all problem ids were kept same (000)"
30,gpt-4o,"
Provide solutions for test puzzles
",OneShot_3_3_1,OneShot_3_3_8,3,3,1,1,"Prompt was not explanatory, all problem ids were kept same (000)"
31,gpt-4o,"
Provide solutions for test puzzles
",OneShot_3_3_1,OneShot_3_3_9,3,3,1,1,"Prompt was not explanatory, all problem ids were kept same (000)"
32,gpt-4o,"
Provide solutions for test puzzles
",OneShot_3_3_2,OneShot_3_3_0,3,3,0,0,"Prompt was not explanatory, all problem ids were kept same (000)"
33,gpt-4o,"
Provide solutions for test puzzles
",OneShot_3_3_2,OneShot_3_3_1,3,3,0,0,"Prompt was not explanatory, all problem ids were kept same (000)"
34,gpt-4o,"
Provide solutions for test puzzles
",OneShot_3_3_2,OneShot_3_3_2,3,3,1,1,"Prompt was not explanatory, all problem ids were kept same (000)"
35,gpt-4o,"
Provide solutions for test puzzles
",OneShot_3_3_2,OneShot_3_3_3,3,3,0,0,"Prompt was not explanatory, all problem ids were kept same (000)"
36,gpt-4o,"
Provide solutions for test puzzles
",OneShot_3_3_2,OneShot_3_3_4,3,3,0,0,"Prompt was not explanatory, all problem ids were kept same (000)"
37,gpt-4o,"
Provide solutions for test puzzles
",OneShot_3_3_2,OneShot_3_3_5,3,3,0,0,"Prompt was not explanatory, all problem ids were kept same (000)"
38,gpt-4o,"
Provide solutions for test puzzles
",OneShot_3_3_2,OneShot_3_3_6,3,3,0,0,"Prompt was not explanatory, all problem ids were kept same (000)"
39,gpt-4o,"
Provide solutions for test puzzles
",OneShot_3_3_2,OneShot_3_3_7,3,3,1,1,"Prompt was not explanatory, all problem ids were kept same (000)"
40,gpt-4o,"
Provide solutions for test puzzles
",OneShot_3_3_2,OneShot_3_3_8,3,3,1,0.3333,"Why did it return 3 answers? Also, Prompt was not explanatory, all problem ids were kept same (000)"
41,gpt-4o,"
Provide solutions for test puzzles
",OneShot_3_3_2,OneShot_3_3_9,3,3,0,0,"Prompt was not explanatory, all problem ids were kept same (000)"
42,gpt-4o,"
Provide solutions for test puzzles
",OneShot_3_3_3,OneShot_3_3_0,3,3,0,0,"Prompt was not explanatory, all problem ids were kept same (000)"
43,gpt-4o,"
Provide solutions for test puzzles
",OneShot_3_3_3,OneShot_3_3_1,3,3,1,1,"Prompt was not explanatory, all problem ids were kept same (000)"
44,gpt-4o,"
Provide solutions for test puzzles
",OneShot_3_3_3,OneShot_3_3_2,3,3,0,0,"Prompt was not explanatory, all problem ids were kept same (000)"
45,gpt-4o,"
Provide solutions for test puzzles
",OneShot_3_3_3,OneShot_3_3_3,3,3,1,1,"Prompt was not explanatory, all problem ids were kept same (000)"
46,gpt-4o,"
Provide solutions for test puzzles
",OneShot_3_3_3,OneShot_3_3_4,3,3,0,0,"Prompt was not explanatory, all problem ids were kept same (000)"
47,gpt-4o,"
Provide solutions for test puzzles
",OneShot_3_3_3,OneShot_3_3_5,3,3,0,0,"Prompt was not explanatory, all problem ids were kept same (000)"
48,gpt-4o,"
Provide solutions for test puzzles
",OneShot_3_3_3,OneShot_3_3_6,3,3,1,1,"Prompt was not explanatory, all problem ids were kept same (000)"
49,gpt-4o,"
Provide solutions for test puzzles
",OneShot_3_3_3,OneShot_3_3_7,3,3,0,0,"Prompt was not explanatory, all problem ids were kept same (000)"
50,gpt-4o,"
Provide solutions for test puzzles
",OneShot_3_3_3,OneShot_3_3_8,3,3,1,1,"Prompt was not explanatory, all problem ids were kept same (000)"
51,gpt-4o,"
Provide solutions for test puzzles
",OneShot_3_3_3,OneShot_3_3_9,3,3,0,0,"Prompt was not explanatory, all problem ids were kept same (000)"
52,gpt-4o,"
Provide solutions for test puzzles
",OneShot_3_3_4,OneShot_3_3_0,3,3,0,0,"Prompt was not explanatory, all problem ids were kept same (000)"
53,gpt-4o,"
Provide solutions for test puzzles
",OneShot_3_3_4,OneShot_3_3_1,3,3,0,0,"Prompt was not explanatory, all problem ids were kept same (000)"
54,gpt-4o,"
Provide solutions for test puzzles
",OneShot_3_3_4,OneShot_3_3_2,3,3,0,0,"Prompt was not explanatory, all problem ids were kept same (000)"
55,gpt-4o,"
Provide solutions for test puzzles
",OneShot_3_3_4,OneShot_3_3_3,3,3,0,0,"Prompt was not explanatory, all problem ids were kept same (000)"
56,gpt-4o,"
Provide solutions for test puzzles
",OneShot_3_3_4,OneShot_3_3_4,3,3,1,1,"Prompt was not explanatory, all problem ids were kept same (000)"
57,gpt-4o,"
Provide solutions for test puzzles
",OneShot_3_3_4,OneShot_3_3_5,3,3,1,1,"Prompt was not explanatory, all problem ids were kept same (000)"
58,gpt-4o,"
Provide solutions for test puzzles
",OneShot_3_3_4,OneShot_3_3_6,3,3,0,0,"Prompt was not explanatory, all problem ids were kept same (000)"
59,gpt-4o,"
Provide solutions for test puzzles
",OneShot_3_3_4,OneShot_3_3_7,3,3,0,0,"Prompt was not explanatory, all problem ids were kept same (000)"
60,gpt-4o,"
Provide solutions for test puzzles
",OneShot_3_3_4,OneShot_3_3_8,3,3,1,1,"Prompt was not explanatory, all problem ids were kept same (000)"
61,gpt-4o,"
Provide solutions for test puzzles
",OneShot_3_3_4,OneShot_3_3_9,3,3,1,1,"Prompt was not explanatory, all problem ids were kept same (000)"
62,gpt-4o,"
Provide solutions for test puzzles
",OneShot_3_3_5,OneShot_3_3_0,3,3,0,0,"Prompt was not explanatory, all problem ids were kept same (000)"
63,gpt-4o,"
Provide solutions for test puzzles
",OneShot_3_3_5,OneShot_3_3_1,3,3,0,0,"Prompt was not explanatory, all problem ids were kept same (000)"
64,gpt-4o,"
Provide solutions for test puzzles
",OneShot_3_3_5,OneShot_3_3_2,3,3,0,0,"Prompt was not explanatory, all problem ids were kept same (000)"
65,gpt-4o,"
Provide solutions for test puzzles
",OneShot_3_3_5,OneShot_3_3_3,3,3,0,0,"Prompt was not explanatory, all problem ids were kept same (000)"
66,gpt-4o,"
Provide solutions for test puzzles
",OneShot_3_3_5,OneShot_3_3_4,3,3,1,1,"Prompt was not explanatory, all problem ids were kept same (000)"
67,gpt-4o,"
Provide solutions for test puzzles
",OneShot_3_3_5,OneShot_3_3_5,3,3,1,1,"Prompt was not explanatory, all problem ids were kept same (000)"
68,gpt-4o,"
Provide solutions for test puzzles
",OneShot_3_3_5,OneShot_3_3_6,3,3,0,0,"Prompt was not explanatory, all problem ids were kept same (000)"
69,gpt-4o,"
Provide solutions for test puzzles
",OneShot_3_3_5,OneShot_3_3_7,3,3,0,0,"Prompt was not explanatory, all problem ids were kept same (000)"
70,gpt-4o,"
Provide solutions for test puzzles
",OneShot_3_3_5,OneShot_3_3_8,3,3,0,0,"Prompt was not explanatory, all problem ids were kept same (000)"
71,gpt-4o,"
Provide solutions for test puzzles
",OneShot_3_3_5,OneShot_3_3_9,3,3,1,1,"Prompt was not explanatory, all problem ids were kept same (000)"
72,gpt-4o,"
Provide solutions for test puzzles
",OneShot_3_3_6,OneShot_3_3_0,3,3,0,0,"Prompt was not explanatory, all problem ids were kept same (000)"
73,gpt-4o,"
Provide solutions for test puzzles
",OneShot_3_3_6,OneShot_3_3_1,3,3,1,1,"Prompt was not explanatory, all problem ids were kept same (000)"
74,gpt-4o,"
Provide solutions for test puzzles
",OneShot_3_3_6,OneShot_3_3_2,3,3,0,0,"Prompt was not explanatory, all problem ids were kept same (000)"
75,gpt-4o,"
Provide solutions for test puzzles
",OneShot_3_3_6,OneShot_3_3_3,3,3,0,0,"Prompt was not explanatory, all problem ids were kept same (000)"
76,gpt-4o,"
Provide solutions for test puzzles
",OneShot_3_3_6,OneShot_3_3_4,3,3,0,0,"Prompt was not explanatory, all problem ids were kept same (000)"
77,gpt-4o,"
Provide solutions for test puzzles
",OneShot_3_3_6,OneShot_3_3_5,3,3,0,0,"Prompt was not explanatory, all problem ids were kept same (000)"
78,gpt-4o,"
Provide solutions for test puzzles
",OneShot_3_3_6,OneShot_3_3_6,3,3,1,1,"Prompt was not explanatory, all problem ids were kept same (000)"
79,gpt-4o,"
Provide solutions for test puzzles
",OneShot_3_3_6,OneShot_3_3_7,3,3,1,1,"Prompt was not explanatory, all problem ids were kept same (000)"
80,gpt-4o,"
Provide solutions for test puzzles
",OneShot_3_3_6,OneShot_3_3_8,3,3,1,1,"Prompt was not explanatory, all problem ids were kept same (000)"
81,gpt-4o,"
Provide solutions for test puzzles
",OneShot_3_3_6,OneShot_3_3_9,3,3,1,1,"Prompt was not explanatory, all problem ids were kept same (000)"
82,gpt-4o,"
Provide solutions for test puzzles
",OneShot_3_3_7,OneShot_3_3_0,3,3,1,1,"Prompt was not explanatory, all problem ids were kept same (000)"
83,gpt-4o,"
Provide solutions for test puzzles
",OneShot_3_3_7,OneShot_3_3_1,3,3,1,1,"Prompt was not explanatory, all problem ids were kept same (000)"
84,gpt-4o,"
Provide solutions for test puzzles
",OneShot_3_3_7,OneShot_3_3_2,3,3,0,0,"Prompt was not explanatory, all problem ids were kept same (000)"
85,gpt-4o,"
Provide solutions for test puzzles
",OneShot_3_3_7,OneShot_3_3_3,3,3,0,0,"Prompt was not explanatory, all problem ids were kept same (000)"
86,gpt-4o,"
Provide solutions for test puzzles
",OneShot_3_3_7,OneShot_3_3_4,3,3,0,0,"Prompt was not explanatory, all problem ids were kept same (000)"
87,gpt-4o,"
Provide solutions for test puzzles
",OneShot_3_3_7,OneShot_3_3_5,3,3,1,1,"Prompt was not explanatory, all problem ids were kept same (000)"
88,gpt-4o,"
Provide solutions for test puzzles
",OneShot_3_3_7,OneShot_3_3_6,3,3,1,1,"Prompt was not explanatory, all problem ids were kept same (000)"
89,gpt-4o,"
Provide solutions for test puzzles
",OneShot_3_3_7,OneShot_3_3_7,3,3,1,1,"Prompt was not explanatory, all problem ids were kept same (000)"
90,gpt-4o,"
Provide solutions for test puzzles
",OneShot_3_3_7,OneShot_3_3_8,3,3,1,1,"Prompt was not explanatory, all problem ids were kept same (000)"
91,gpt-4o,"
Provide solutions for test puzzles
",OneShot_3_3_7,OneShot_3_3_9,3,3,1,1,"Prompt was not explanatory, all problem ids were kept same (000)"
92,gpt-4o,"
Provide solutions for test puzzles
",OneShot_3_3_8,OneShot_3_3_0,3,3,0,0,"Prompt was not explanatory, all problem ids were kept same (000)"
93,gpt-4o,"
Provide solutions for test puzzles
",OneShot_3_3_8,OneShot_3_3_1,3,3,1,1,"Prompt was not explanatory, all problem ids were kept same (000)"
94,gpt-4o,"
Provide solutions for test puzzles
",OneShot_3_3_8,OneShot_3_3_2,3,3,0,0,"Prompt was not explanatory, all problem ids were kept same (000)"
95,gpt-4o,"
Provide solutions for test puzzles
",OneShot_3_3_8,OneShot_3_3_3,3,3,0,0,"Prompt was not explanatory, all problem ids were kept same (000)"
96,gpt-4o,"
Provide solutions for test puzzles
",OneShot_3_3_8,OneShot_3_3_4,3,3,0,0,"Prompt was not explanatory, all problem ids were kept same (000)"
97,gpt-4o,"
Provide solutions for test puzzles
",OneShot_3_3_8,OneShot_3_3_5,3,3,0,0,"Prompt was not explanatory, all problem ids were kept same (000)"
98,gpt-4o,"
Provide solutions for test puzzles
",OneShot_3_3_8,OneShot_3_3_6,3,3,0,0,"Prompt was not explanatory, all problem ids were kept same (000)"
99,gpt-4o,"
Provide solutions for test puzzles
",OneShot_3_3_8,OneShot_3_3_7,3,3,0,0,"Prompt was not explanatory, all problem ids were kept same (000)"
100,gpt-4o,"
Provide solutions for test puzzles
",OneShot_3_3_8,OneShot_3_3_8,3,3,1,1,"Prompt was not explanatory, all problem ids were kept same (000)"
101,gpt-4o,"
Provide solutions for test puzzles
",OneShot_3_3_8,OneShot_3_3_9,3,3,0,0,"Prompt was not explanatory, all problem ids were kept same (000)"
102,gpt-4o,"
Provide solutions for test puzzles
",OneShot_3_3_9,OneShot_3_3_0,3,3,0,0,"Prompt was not explanatory, all problem ids were kept same (000)"
103,gpt-4o,"
Provide solutions for test puzzles
",OneShot_3_3_9,OneShot_3_3_1,3,3,1,1,"Prompt was not explanatory, all problem ids were kept same (000)"
104,gpt-4o,"
Provide solutions for test puzzles
",OneShot_3_3_9,OneShot_3_3_2,3,3,0,0,"Prompt was not explanatory, all problem ids were kept same (000)"
105,gpt-4o,"
Provide solutions for test puzzles
",OneShot_3_3_9,OneShot_3_3_3,3,3,0,0,"Prompt was not explanatory, all problem ids were kept same (000)"
106,gpt-4o,"
Provide solutions for test puzzles
",OneShot_3_3_9,OneShot_3_3_4,3,3,0,0,"Prompt was not explanatory, all problem ids were kept same (000)"
107,gpt-4o,"
Provide solutions for test puzzles
",OneShot_3_3_9,OneShot_3_3_5,3,3,0,0,"Prompt was not explanatory, all problem ids were kept same (000)"
108,gpt-4o,"
Provide solutions for test puzzles
",OneShot_3_3_9,OneShot_3_3_6,3,3,0,0,"Prompt was not explanatory, all problem ids were kept same (000)"
109,gpt-4o,"
Provide solutions for test puzzles
",OneShot_3_3_9,OneShot_3_3_7,3,3,0,0,"Prompt was not explanatory, all problem ids were kept same (000)"
110,gpt-4o,"
Provide solutions for test puzzles
",OneShot_3_3_9,OneShot_3_3_8,3,3,0,0,"Prompt was not explanatory, all problem ids were kept same (000)"
111,gpt-4o,"
Provide solutions for test puzzles
",OneShot_3_3_9,OneShot_3_3_9,3,3,1,1,"Prompt was not explanatory, all problem ids were kept same (000)"
112,gpt-4o,"
Provide solutions for test puzzles. Problem IDs do not affect the solution.
",OneShot_3_3_1,OneShot_3_3_10,3,3,0,0,
113,gpt-4o,"
Provide solutions for test puzzles. Problem IDs do not affect the solution.
",OneShot_3_3_1,OneShot_3_3_2,3,3,0,0,
114,gpt-4o,"
Provide solutions for test puzzles. Problem IDs do not affect the solution.
",OneShot_3_3_1,OneShot_3_3_3,3,3,0,0,
115,gpt-4o,"
Provide solutions for test puzzles. Problem IDs do not affect the solution.
",OneShot_3_3_1,OneShot_3_3_4,3,3,0,0,
116,gpt-4o,"
Provide solutions for test puzzles. Problem IDs do not affect the solution.
",OneShot_3_3_1,OneShot_3_3_5,3,3,0,0,
117,gpt-4o,"
Provide solutions for test puzzles. Problem IDs do not affect the solution.
",OneShot_3_3_1,OneShot_3_3_6,3,3,1,1,
118,gpt-4o,"
Provide solutions for test puzzles. Problem IDs do not affect the solution.
",OneShot_3_3_1,OneShot_3_3_7,3,3,0,0,
119,gpt-4o,"
Provide solutions for test puzzles. Problem IDs do not affect the solution.
",OneShot_3_3_1,OneShot_3_3_8,3,3,1,1,
120,gpt-4o,"
Provide solutions for test puzzles. Problem IDs do not affect the solution.
",OneShot_3_3_1,OneShot_3_3_9,3,3,1,1,
121,gpt-4o,"
Provide solutions for test puzzles. Problem IDs do not affect the solution.
",OneShot_3_3_10,OneShot_3_3_1,3,3,1,1,
122,gpt-4o,"
Provide solutions for test puzzles. Problem IDs do not affect the solution.
",OneShot_3_3_10,OneShot_3_3_2,3,3,1,1,
123,gpt-4o,"
Provide solutions for test puzzles. Problem IDs do not affect the solution.
",OneShot_3_3_10,OneShot_3_3_3,3,3,1,1,
124,gpt-4o,"
Provide solutions for test puzzles. Problem IDs do not affect the solution.
",OneShot_3_3_10,OneShot_3_3_4,3,3,0,0,
125,gpt-4o,"
Provide solutions for test puzzles. Problem IDs do not affect the solution.
",OneShot_3_3_10,OneShot_3_3_5,3,3,0,0,
126,gpt-4o,"
Provide solutions for test puzzles. Problem IDs do not affect the solution.
",OneShot_3_3_10,OneShot_3_3_6,3,3,0,0,
127,gpt-4o,"
Provide solutions for test puzzles. Problem IDs do not affect the solution.
",OneShot_3_3_10,OneShot_3_3_7,3,3,0,0,
128,gpt-4o,"
Provide solutions for test puzzles. Problem IDs do not affect the solution.
",OneShot_3_3_10,OneShot_3_3_8,3,3,0,0,
129,gpt-4o,"
Provide solutions for test puzzles. Problem IDs do not affect the solution.
",OneShot_3_3_10,OneShot_3_3_9,3,3,1,1,
130,gpt-4o,"
Provide solutions for test puzzles. Problem IDs do not affect the solution.
",OneShot_3_3_2,OneShot_3_3_1,3,3,0,0,
131,gpt-4o,"
Provide solutions for test puzzles. Problem IDs do not affect the solution.
",OneShot_3_3_2,OneShot_3_3_10,3,3,1,1,
132,gpt-4o,"
Provide solutions for test puzzles. Problem IDs do not affect the solution.
",OneShot_3_3_2,OneShot_3_3_3,3,3,0,0,
133,gpt-4o,"
Provide solutions for test puzzles. Problem IDs do not affect the solution.
",OneShot_3_3_2,OneShot_3_3_4,3,3,0,0,
134,gpt-4o,"
Provide solutions for test puzzles. Problem IDs do not affect the solution.
",OneShot_3_3_2,OneShot_3_3_5,3,3,0,0,
135,gpt-4o,"
Provide solutions for test puzzles. Problem IDs do not affect the solution.
",OneShot_3_3_2,OneShot_3_3_6,3,3,1,1,
136,gpt-4o,"
Provide solutions for test puzzles. Problem IDs do not affect the solution.
",OneShot_3_3_2,OneShot_3_3_7,3,3,0,0,
137,gpt-4o,"
Provide solutions for test puzzles. Problem IDs do not affect the solution.
",OneShot_3_3_2,OneShot_3_3_8,3,3,1,1,
138,gpt-4o,"
Provide solutions for test puzzles. Problem IDs do not affect the solution.
",OneShot_3_3_2,OneShot_3_3_9,3,3,0,0,
139,gpt-4o,"
Provide solutions for test puzzles. Problem IDs do not affect the solution.
",OneShot_3_3_3,OneShot_3_3_1,3,3,0,0,
140,gpt-4o,"
Provide solutions for test puzzles. Problem IDs do not affect the solution.
",OneShot_3_3_3,OneShot_3_3_10,3,3,1,1,
141,gpt-4o,"
Provide solutions for test puzzles. Problem IDs do not affect the solution.
",OneShot_3_3_3,OneShot_3_3_2,3,3,1,1,
142,gpt-4o,"
Provide solutions for test puzzles. Problem IDs do not affect the solution.
",OneShot_3_3_3,OneShot_3_3_4,3,3,0,0,
143,gpt-4o,"
Provide solutions for test puzzles. Problem IDs do not affect the solution.
",OneShot_3_3_3,OneShot_3_3_5,3,3,0,0,
144,gpt-4o,"
Provide solutions for test puzzles. Problem IDs do not affect the solution.
",OneShot_3_3_3,OneShot_3_3_6,3,3,1,1,
145,gpt-4o,"
Provide solutions for test puzzles. Problem IDs do not affect the solution.
",OneShot_3_3_3,OneShot_3_3_7,3,3,0,0,
146,gpt-4o,"
Provide solutions for test puzzles. Problem IDs do not affect the solution.
",OneShot_3_3_3,OneShot_3_3_8,3,3,1,1,
147,gpt-4o,"
Provide solutions for test puzzles. Problem IDs do not affect the solution.
",OneShot_3_3_3,OneShot_3_3_9,3,3,1,1,
148,gpt-4o,"
Provide solutions for test puzzles. Problem IDs do not affect the solution.
",OneShot_3_3_4,OneShot_3_3_1,3,3,0,0,
149,gpt-4o,"
Provide solutions for test puzzles. Problem IDs do not affect the solution.
",OneShot_3_3_4,OneShot_3_3_10,3,3,1,1,
150,gpt-4o,"
Provide solutions for test puzzles. Problem IDs do not affect the solution.
",OneShot_3_3_4,OneShot_3_3_2,3,3,0,0,
151,gpt-4o,"
Provide solutions for test puzzles. Problem IDs do not affect the solution.
",OneShot_3_3_4,OneShot_3_3_3,3,3,0,0,
152,gpt-4o,"
Provide solutions for test puzzles. Problem IDs do not affect the solution.
",OneShot_3_3_4,OneShot_3_3_5,3,3,0,0,
153,gpt-4o,"
Provide solutions for test puzzles. Problem IDs do not affect the solution.
",OneShot_3_3_4,OneShot_3_3_6,3,3,1,1,
154,gpt-4o,"
Provide solutions for test puzzles. Problem IDs do not affect the solution.
",OneShot_3_3_4,OneShot_3_3_7,3,3,0,0,
155,gpt-4o,"
Provide solutions for test puzzles. Problem IDs do not affect the solution.
",OneShot_3_3_4,OneShot_3_3_8,3,3,0,0,
156,gpt-4o,"
Provide solutions for test puzzles. Problem IDs do not affect the solution.
",OneShot_3_3_4,OneShot_3_3_9,3,3,1,1,
157,gpt-4o,"
Provide solutions for test puzzles. Problem IDs do not affect the solution.
",OneShot_3_3_5,OneShot_3_3_1,3,3,0,0,
158,gpt-4o,"
Provide solutions for test puzzles. Problem IDs do not affect the solution.
",OneShot_3_3_5,OneShot_3_3_10,3,3,0,0,
159,gpt-4o,"
Provide solutions for test puzzles. Problem IDs do not affect the solution.
",OneShot_3_3_5,OneShot_3_3_2,3,3,1,1,
160,gpt-4o,"
Provide solutions for test puzzles. Problem IDs do not affect the solution.
",OneShot_3_3_5,OneShot_3_3_3,3,3,0,0,
161,gpt-4o,"
Provide solutions for test puzzles. Problem IDs do not affect the solution.
",OneShot_3_3_5,OneShot_3_3_4,3,3,0,0,
162,gpt-4o,"
Provide solutions for test puzzles. Problem IDs do not affect the solution.
",OneShot_3_3_5,OneShot_3_3_6,3,3,1,1,
163,gpt-4o,"
Provide solutions for test puzzles. Problem IDs do not affect the solution.
",OneShot_3_3_5,OneShot_3_3_7,3,3,0,0,
164,gpt-4o,"
Provide solutions for test puzzles. Problem IDs do not affect the solution.
",OneShot_3_3_5,OneShot_3_3_8,3,3,0,0,
165,gpt-4o,"
Provide solutions for test puzzles. Problem IDs do not affect the solution.
",OneShot_3_3_5,OneShot_3_3_9,3,3,1,1,
166,gpt-4o,"
Provide solutions for test puzzles. Problem IDs do not affect the solution.
",OneShot_3_3_6,OneShot_3_3_1,3,3,1,1,
167,gpt-4o,"
Provide solutions for test puzzles. Problem IDs do not affect the solution.
",OneShot_3_3_6,OneShot_3_3_10,3,3,0,0,
168,gpt-4o,"
Provide solutions for test puzzles. Problem IDs do not affect the solution.
",OneShot_3_3_6,OneShot_3_3_2,3,3,0,0,
169,gpt-4o,"
Provide solutions for test puzzles. Problem IDs do not affect the solution.
",OneShot_3_3_6,OneShot_3_3_3,3,3,0,0,
170,gpt-4o,"
Provide solutions for test puzzles. Problem IDs do not affect the solution.
",OneShot_3_3_6,OneShot_3_3_4,3,3,0,0,
171,gpt-4o,"
Provide solutions for test puzzles. Problem IDs do not affect the solution.
",OneShot_3_3_6,OneShot_3_3_5,3,3,0,0,
172,gpt-4o,"
Provide solutions for test puzzles. Problem IDs do not affect the solution.
",OneShot_3_3_6,OneShot_3_3_7,3,3,0,0,
173,gpt-4o,"
Provide solutions for test puzzles. Problem IDs do not affect the solution.
",OneShot_3_3_6,OneShot_3_3_8,3,3,1,1,
174,gpt-4o,"
Provide solutions for test puzzles. Problem IDs do not affect the solution.
",OneShot_3_3_6,OneShot_3_3_9,3,3,1,1,
175,gpt-4o,"
Provide solutions for test puzzles. Problem IDs do not affect the solution.
",OneShot_3_3_7,OneShot_3_3_1,3,3,1,1,
177,gpt-4o,"
Provide solutions for test puzzles. Problem IDs do not affect the solution.
",OneShot_3_3_1,OneShot_3_3_10,3,3,0,0,
178,gpt-4o,"
Provide solutions for test puzzles. Problem IDs do not affect the solution.
",OneShot_3_3_1,OneShot_3_3_2,3,3,0,0,
179,gpt-4o,"
Provide solutions for test puzzles. Problem IDs do not affect the solution.
",OneShot_3_3_1,OneShot_3_3_3,3,3,0,0,
180,gpt-4o,"
Provide solutions for test puzzles. Problem IDs do not affect the solution.
",OneShot_3_3_1,OneShot_3_3_4,3,3,0,0,
181,gpt-4o,"
Provide solutions for test puzzles. Problem IDs do not affect the solution.
",OneShot_3_3_1,OneShot_3_3_5,3,3,0,0,
182,gpt-4o,"
Provide solutions for test puzzles. Problem IDs do not affect the solution.
",OneShot_3_3_1,OneShot_3_3_6,3,3,1,1,
183,gpt-4o,"
Provide solutions for test puzzles. Problem IDs do not affect the solution.
",OneShot_3_3_1,OneShot_3_3_7,3,3,0,0,
184,gpt-4o,"
Provide solutions for test puzzles. Problem IDs do not affect the solution.
",OneShot_3_3_1,OneShot_3_3_8,3,3,1,1,
185,gpt-4o,"
Provide solutions for test puzzles. Problem IDs do not affect the solution.
",OneShot_3_3_1,OneShot_3_3_9,3,3,1,1,
186,gpt-4o,"
Provide solutions for test puzzles. Problem IDs do not affect the solution.
",OneShot_3_3_10,OneShot_3_3_1,3,3,0,0,
187,gpt-4o,"
Provide solutions for test puzzles. Problem IDs do not affect the solution.
",OneShot_3_3_10,OneShot_3_3_2,3,3,0,0,
188,gpt-4o,"
Provide solutions for test puzzles. Problem IDs do not affect the solution.
",OneShot_3_3_10,OneShot_3_3_3,3,3,1,1,
189,gpt-4o,"
Provide solutions for test puzzles. Problem IDs do not affect the solution.
",OneShot_3_3_10,OneShot_3_3_4,3,3,0,0,
190,gpt-4o,"
Provide solutions for test puzzles. Problem IDs do not affect the solution.
",OneShot_3_3_10,OneShot_3_3_5,3,3,0,0,
191,gpt-4o,"
Provide solutions for test puzzles. Problem IDs do not affect the solution.
",OneShot_3_3_10,OneShot_3_3_6,3,3,1,1,
192,gpt-4o,"
Provide solutions for test puzzles. Problem IDs do not affect the solution.
",OneShot_3_3_10,OneShot_3_3_7,3,3,0,0,
193,gpt-4o,"
Provide solutions for test puzzles. Problem IDs do not affect the solution.
",OneShot_3_3_10,OneShot_3_3_8,3,3,0,0,
194,gpt-4o,"
Provide solutions for test puzzles. Problem IDs do not affect the solution.
",OneShot_3_3_10,OneShot_3_3_9,3,3,0,0,
195,gpt-4o,"
Provide solutions for test puzzles. Problem IDs do not affect the solution.
",OneShot_3_3_2,OneShot_3_3_1,3,3,0,0,
196,gpt-4o,"
Provide solutions for test puzzles. Problem IDs do not affect the solution.
",OneShot_3_3_2,OneShot_3_3_10,3,3,1,1,
197,gpt-4o,"
Provide solutions for test puzzles. Problem IDs do not affect the solution.
",OneShot_3_3_2,OneShot_3_3_3,3,3,0,0,
198,gpt-4o,"
Provide solutions for test puzzles. Problem IDs do not affect the solution.
",OneShot_3_3_2,OneShot_3_3_4,3,3,0,0,
199,gpt-4o,"
Provide solutions for test puzzles. Problem IDs do not affect the solution.
",OneShot_3_3_2,OneShot_3_3_5,3,3,0,0,
200,gpt-4o,"
Provide solutions for test puzzles. Problem IDs do not affect the solution.
",OneShot_3_3_2,OneShot_3_3_6,3,3,2,1,
201,gpt-4o,"
Provide solutions for test puzzles. Problem IDs do not affect the solution.
",OneShot_3_3_2,OneShot_3_3_7,3,3,0,0,
202,gpt-4o,"
Provide solutions for test puzzles. Problem IDs do not affect the solution.
",OneShot_3_3_2,OneShot_3_3_8,3,3,0,0,
203,gpt-4o,"
Provide solutions for test puzzles. Problem IDs do not affect the solution.
",OneShot_3_3_2,OneShot_3_3_9,3,3,0,0,
204,gpt-4o,"
Provide solutions for test puzzles. Problem IDs do not affect the solution.
",OneShot_3_3_3,OneShot_3_3_1,3,3,1,1,
205,gpt-4o,"
Provide solutions for test puzzles. Problem IDs do not affect the solution.
",OneShot_3_3_3,OneShot_3_3_10,3,3,0,0,
206,gpt-4o,"
Provide solutions for test puzzles. Problem IDs do not affect the solution.
",OneShot_3_3_3,OneShot_3_3_2,3,3,1,1,
207,gpt-4o,"
Provide solutions for test puzzles. Problem IDs do not affect the solution.
",OneShot_3_3_3,OneShot_3_3_4,3,3,0,0,
208,gpt-4o,"
Provide solutions for test puzzles. Problem IDs do not affect the solution.
",OneShot_3_3_3,OneShot_3_3_5,3,3,0,0,
209,gpt-4o,"
Provide solutions for test puzzles. Problem IDs do not affect the solution.
",OneShot_3_3_3,OneShot_3_3_6,3,3,1,1,
210,gpt-4o,"
Provide solutions for test puzzles. Problem IDs do not affect the solution.
",OneShot_3_3_3,OneShot_3_3_7,3,3,0,0,
211,gpt-4o,"
Provide solutions for test puzzles. Problem IDs do not affect the solution.
",OneShot_3_3_3,OneShot_3_3_8,3,3,1,1,
212,gpt-4o,"
Provide solutions for test puzzles. Problem IDs do not affect the solution.
",OneShot_3_3_3,OneShot_3_3_9,3,3,1,1,
213,gpt-4o,"
Provide solutions for test puzzles. Problem IDs do not affect the solution.
",OneShot_3_3_4,OneShot_3_3_1,3,3,0,0,
214,gpt-4o,"
Provide solutions for test puzzles. Problem IDs do not affect the solution.
",OneShot_3_3_4,OneShot_3_3_10,3,3,0,0,
215,gpt-4o,"
Provide solutions for test puzzles. Problem IDs do not affect the solution.
",OneShot_3_3_4,OneShot_3_3_2,3,3,0,0,
216,gpt-4o,"
Provide solutions for test puzzles. Problem IDs do not affect the solution.
",OneShot_3_3_4,OneShot_3_3_3,3,3,0,0,
217,gpt-4o,"
Provide solutions for test puzzles. Problem IDs do not affect the solution.
",OneShot_3_3_4,OneShot_3_3_5,3,3,0,0,
218,gpt-4o,"
Provide solutions for test puzzles. Problem IDs do not affect the solution.
",OneShot_3_3_4,OneShot_3_3_6,3,3,0,0,
219,gpt-4o,"
Provide solutions for test puzzles. Problem IDs do not affect the solution.
",OneShot_3_3_4,OneShot_3_3_7,3,3,0,0,
220,gpt-4o,"
Provide solutions for test puzzles. Problem IDs do not affect the solution.
",OneShot_3_3_4,OneShot_3_3_8,3,3,0,0,
221,gpt-4o,"
Provide solutions for test puzzles. Problem IDs do not affect the solution.
",OneShot_3_3_4,OneShot_3_3_9,3,3,1,1,
222,gpt-4o,"
Provide solutions for test puzzles. Problem IDs do not affect the solution.
",OneShot_3_3_5,OneShot_3_3_1,3,3,1,1,
223,gpt-4o,"
Provide solutions for test puzzles. Problem IDs do not affect the solution.
",OneShot_3_3_5,OneShot_3_3_10,3,3,0,0,
224,gpt-4o,"
Provide solutions for test puzzles. Problem IDs do not affect the solution.
",OneShot_3_3_5,OneShot_3_3_2,3,3,1,1,
225,gpt-4o,"
Provide solutions for test puzzles. Problem IDs do not affect the solution.
",OneShot_3_3_5,OneShot_3_3_3,3,3,0,0,
226,gpt-4o,"
Provide solutions for test puzzles. Problem IDs do not affect the solution.
",OneShot_3_3_5,OneShot_3_3_4,3,3,0,0,
227,gpt-4o,"
Provide solutions for test puzzles. Problem IDs do not affect the solution.
",OneShot_3_3_5,OneShot_3_3_6,3,3,1,1,
228,gpt-4o,"
Provide solutions for test puzzles. Problem IDs do not affect the solution.
",OneShot_3_3_5,OneShot_3_3_7,3,3,0,0,
229,gpt-4o,"
Provide solutions for test puzzles. Problem IDs do not affect the solution.
",OneShot_3_3_5,OneShot_3_3_8,3,3,0,0,
230,gpt-4o,"
Provide solutions for test puzzles. Problem IDs do not affect the solution.
",OneShot_3_3_5,OneShot_3_3_9,3,3,1,1,
231,gpt-4o,"
Provide solutions for test puzzles. Problem IDs do not affect the solution.
",OneShot_3_3_6,OneShot_3_3_1,3,3,1,1,
232,gpt-4o,"
Provide solutions for test puzzles. Problem IDs do not affect the solution.
",OneShot_3_3_6,OneShot_3_3_10,3,3,0,0,
233,gpt-4o,"
Provide solutions for test puzzles. Problem IDs do not affect the solution.
",OneShot_3_3_6,OneShot_3_3_2,3,3,0,0,
234,gpt-4o,"
Provide solutions for test puzzles. Problem IDs do not affect the solution.
",OneShot_3_3_6,OneShot_3_3_3,3,3,0,0,
235,gpt-4o,"
Provide solutions for test puzzles. Problem IDs do not affect the solution.
",OneShot_3_3_6,OneShot_3_3_4,3,3,0,0,
236,gpt-4o,"
Provide solutions for test puzzles. Problem IDs do not affect the solution.
",OneShot_3_3_6,OneShot_3_3_5,3,3,0,0,
237,gpt-4o,"
Provide solutions for test puzzles. Problem IDs do not affect the solution.
",OneShot_3_3_6,OneShot_3_3_7,3,3,0,0,
238,gpt-4o,"
Provide solutions for test puzzles. Problem IDs do not affect the solution.
",OneShot_3_3_6,OneShot_3_3_8,3,3,1,1,
239,gpt-4o,"
Provide solutions for test puzzles. Problem IDs do not affect the solution.
",OneShot_3_3_6,OneShot_3_3_9,3,3,1,1,
240,gpt-4o,"
Provide solutions for test puzzles. Problem IDs do not affect the solution.
",OneShot_3_3_7,OneShot_3_3_1,3,3,1,1,
241,gpt-4o,"
Provide solutions for test puzzles. Problem IDs do not affect the solution.
",OneShot_3_3_7,OneShot_3_3_10,3,3,1,1,
242,gpt-4o,"
Provide solutions for test puzzles. Problem IDs do not affect the solution.
",OneShot_3_3_7,OneShot_3_3_2,3,3,1,1,
243,gpt-4o,"
Provide solutions for test puzzles. Problem IDs do not affect the solution.
",OneShot_3_3_7,OneShot_3_3_3,3,3,0,0,
244,gpt-4o,"
Provide solutions for test puzzles. Problem IDs do not affect the solution.
",OneShot_3_3_7,OneShot_3_3_4,3,3,0,0,
245,gpt-4o,"
Provide solutions for test puzzles. Problem IDs do not affect the solution.
",OneShot_3_3_7,OneShot_3_3_5,3,3,0,0,
246,gpt-4o,"
Provide solutions for test puzzles. Problem IDs do not affect the solution.
",OneShot_3_3_7,OneShot_3_3_6,3,3,0,0,
247,gpt-4o,"
Provide solutions for test puzzles. Problem IDs do not affect the solution.
",OneShot_3_3_7,OneShot_3_3_8,3,3,0,0,
248,gpt-4o,"
Provide solutions for test puzzles. Problem IDs do not affect the solution.
",OneShot_3_3_7,OneShot_3_3_9,3,3,1,1,
249,gpt-4o,"
Provide solutions for test puzzles. Problem IDs do not affect the solution.
",OneShot_3_3_8,OneShot_3_3_1,3,3,1,1,
250,gpt-4o,"
Provide solutions for test puzzles. Problem IDs do not affect the solution.
",OneShot_3_3_8,OneShot_3_3_10,3,3,0,0,
251,gpt-4o,"
Provide solutions for test puzzles. Problem IDs do not affect the solution.
",OneShot_3_3_8,OneShot_3_3_2,3,3,0,0,
252,gpt-4o,"
Provide solutions for test puzzles. Problem IDs do not affect the solution.
",OneShot_3_3_8,OneShot_3_3_3,3,3,0,0,
253,gpt-4o,"
Provide solutions for test puzzles. Problem IDs do not affect the solution.
",OneShot_3_3_8,OneShot_3_3_4,3,3,0,0,
254,gpt-4o,"
Provide solutions for test puzzles. Problem IDs do not affect the solution.
",OneShot_3_3_8,OneShot_3_3_5,3,3,0,0,
255,gpt-4o,"
Provide solutions for test puzzles. Problem IDs do not affect the solution.
",OneShot_3_3_8,OneShot_3_3_6,3,3,1,1,
256,gpt-4o,"
Provide solutions for test puzzles. Problem IDs do not affect the solution.
",OneShot_3_3_8,OneShot_3_3_7,3,3,0,0,
257,gpt-4o,"
Provide solutions for test puzzles. Problem IDs do not affect the solution.
",OneShot_3_3_8,OneShot_3_3_9,3,3,1,1,
258,gpt-4o,"
Provide solutions for test puzzles. Problem IDs do not affect the solution.
",OneShot_3_3_9,OneShot_3_3_1,3,3,1,1,
259,gpt-4o,"
Provide solutions for test puzzles. Problem IDs do not affect the solution.
",OneShot_3_3_9,OneShot_3_3_10,3,3,0,0,
260,gpt-4o,"
Provide solutions for test puzzles. Problem IDs do not affect the solution.
",OneShot_3_3_9,OneShot_3_3_2,3,3,0,0,
261,gpt-4o,"
Provide solutions for test puzzles. Problem IDs do not affect the solution.
",OneShot_3_3_9,OneShot_3_3_3,3,3,0,0,
262,gpt-4o,"
Provide solutions for test puzzles. Problem IDs do not affect the solution.
",OneShot_3_3_9,OneShot_3_3_4,3,3,0,0,
263,gpt-4o,"
Provide solutions for test puzzles. Problem IDs do not affect the solution.
",OneShot_3_3_9,OneShot_3_3_5,3,3,0,0,
264,gpt-4o,"
Provide solutions for test puzzles. Problem IDs do not affect the solution.
",OneShot_3_3_9,OneShot_3_3_6,3,3,1,1,
265,gpt-4o,"
Provide solutions for test puzzles. Problem IDs do not affect the solution.
",OneShot_3_3_9,OneShot_3_3_7,3,3,0,0,
266,gpt-4o,"
Provide solutions for test puzzles. Problem IDs do not affect the solution.
",OneShot_3_3_9,OneShot_3_3_8,3,3,1,1,
267,gpt-4o,"
Provide solutions for test puzzles.
",OneShot_3_3_10,OneShot_3_3_11,3,3,0,0,
268,gpt-4o,"
Provide solutions for test puzzles.
",OneShot_3_3_10,OneShot_3_3_12,3,3,0,0,
269,gpt-4o,"
Provide solutions for test puzzles.
",OneShot_3_3_10,OneShot_3_3_13,3,3,0,0,
270,gpt-4o,"
Provide solutions for test puzzles.
",OneShot_3_3_10,OneShot_3_3_14,3,3,1,1,
271,gpt-4o,"
Provide solutions for test puzzles.
",OneShot_3_3_10,OneShot_3_3_15,3,3,0,0,
272,gpt-4o,"
Provide solutions for test puzzles.
",OneShot_3_3_10,OneShot_3_3_16,3,3,1,1,
273,gpt-4o,"
Provide solutions for test puzzles.
",OneShot_3_3_10,OneShot_3_3_17,3,3,1,1,
274,gpt-4o,"
Provide solutions for test puzzles.
",OneShot_3_3_10,OneShot_3_3_18,3,3,0,0,
275,gpt-4o,"
Provide solutions for test puzzles.
",OneShot_3_3_10,OneShot_3_3_19,3,3,0,0,
276,gpt-4o,"
Provide solutions for test puzzles.
",OneShot_3_3_11,OneShot_3_3_10,3,3,0,0,
277,gpt-4o,"
Provide solutions for test puzzles.
",OneShot_3_3_11,OneShot_3_3_12,3,3,0,0,
278,gpt-4o,"
Provide solutions for test puzzles.
",OneShot_3_3_11,OneShot_3_3_13,3,3,0,0,
279,gpt-4o,"
Provide solutions for test puzzles.
",OneShot_3_3_11,OneShot_3_3_14,3,3,1,1,
280,gpt-4o,"
Provide solutions for test puzzles.
",OneShot_3_3_11,OneShot_3_3_15,3,3,0,0,
281,gpt-4o,"
Provide solutions for test puzzles.
",OneShot_3_3_11,OneShot_3_3_16,3,3,1,1,
282,gpt-4o,"
Provide solutions for test puzzles.
",OneShot_3_3_11,OneShot_3_3_17,3,3,1,1,
283,gpt-4o,"
Provide solutions for test puzzles.
",OneShot_3_3_11,OneShot_3_3_18,3,3,0,0,
284,gpt-4o,"
Provide solutions for test puzzles.
",OneShot_3_3_11,OneShot_3_3_19,3,3,1,1,
285,gpt-4o,"
Provide solutions for test puzzles.
",OneShot_3_3_12,OneShot_3_3_10,3,3,0,0,
286,gpt-4o,"
Provide solutions for test puzzles.
",OneShot_3_3_12,OneShot_3_3_11,3,3,1,1,
287,gpt-4o,"
Provide solutions for test puzzles.
",OneShot_3_3_12,OneShot_3_3_13,3,3,1,1,
288,gpt-4o,"
Provide solutions for test puzzles.
",OneShot_3_3_12,OneShot_3_3_14,3,3,1,1,
289,gpt-4o,"
Provide solutions for test puzzles.
",OneShot_3_3_12,OneShot_3_3_15,3,3,0,0,
290,gpt-4o,"
Provide solutions for test puzzles.
",OneShot_3_3_12,OneShot_3_3_16,3,3,0,0,
291,gpt-4o,"
Provide solutions for test puzzles.
",OneShot_3_3_12,OneShot_3_3_17,3,3,1,1,
292,gpt-4o,"
Provide solutions for test puzzles.
",OneShot_3_3_12,OneShot_3_3_18,3,3,0,0,
293,gpt-4o,"
Provide solutions for test puzzles.
",OneShot_3_3_12,OneShot_3_3_19,3,3,0,0,
294,gpt-4o,"
Provide solutions for test puzzles.
",OneShot_3_3_13,OneShot_3_3_10,3,3,0,0,
295,gpt-4o,"
Provide solutions for test puzzles.
",OneShot_3_3_13,OneShot_3_3_11,3,3,1,1,
296,gpt-4o,"
Provide solutions for test puzzles.
",OneShot_3_3_13,OneShot_3_3_12,3,3,0,0,
297,gpt-4o,"
Provide solutions for test puzzles.
",OneShot_3_3_13,OneShot_3_3_14,3,3,1,1,
298,gpt-4o,"
Provide solutions for test puzzles.
",OneShot_3_3_13,OneShot_3_3_15,3,3,0,0,
299,gpt-4o,"
Provide solutions for test puzzles.
",OneShot_3_3_13,OneShot_3_3_16,3,3,1,1,
300,gpt-4o,"
Provide solutions for test puzzles.
",OneShot_3_3_13,OneShot_3_3_17,3,3,0,0,
301,gpt-4o,"
Provide solutions for test puzzles.
",OneShot_3_3_13,OneShot_3_3_18,3,3,0,0,
302,gpt-4o,"
Provide solutions for test puzzles.
",OneShot_3_3_13,OneShot_3_3_19,3,3,1,1,
303,gpt-4o,"
Provide solutions for test puzzles.
",OneShot_3_3_14,OneShot_3_3_10,3,3,0,0,
304,gpt-4o,"
Provide solutions for test puzzles.
",OneShot_3_3_14,OneShot_3_3_11,3,3,1,1,
305,gpt-4o,"
Provide solutions for test puzzles.
",OneShot_3_3_14,OneShot_3_3_12,3,3,0,0,
306,gpt-4o,"
Provide solutions for test puzzles.
",OneShot_3_3_14,OneShot_3_3_13,3,3,0,0,
307,gpt-4o,"
Provide solutions for test puzzles.
",OneShot_3_3_14,OneShot_3_3_15,3,3,0,0,
308,gpt-4o,"
Provide solutions for test puzzles.
",OneShot_3_3_14,OneShot_3_3_16,3,3,1,1,
309,gpt-4o,"
Provide solutions for test puzzles.
",OneShot_3_3_14,OneShot_3_3_17,3,3,1,1,
310,gpt-4o,"
Provide solutions for test puzzles.
",OneShot_3_3_14,OneShot_3_3_18,3,3,0,0,
311,gpt-4o,"
Provide solutions for test puzzles.
",OneShot_3_3_14,OneShot_3_3_19,3,3,1,1,
312,gpt-4o,"
Provide solutions for test puzzles.
",OneShot_3_3_15,OneShot_3_3_10,3,3,0,0,
313,gpt-4o,"
Provide solutions for test puzzles.
",OneShot_3_3_15,OneShot_3_3_11,3,3,1,1,
314,gpt-4o,"
Provide solutions for test puzzles.
",OneShot_3_3_15,OneShot_3_3_12,3,3,0,0,
315,gpt-4o,"
Provide solutions for test puzzles.
",OneShot_3_3_15,OneShot_3_3_13,3,3,0,0,
316,gpt-4o,"
Provide solutions for test puzzles.
",OneShot_3_3_15,OneShot_3_3_14,3,3,1,1,
317,gpt-4o,"
Provide solutions for test puzzles.
",OneShot_3_3_15,OneShot_3_3_16,3,3,1,1,
318,gpt-4o,"
Provide solutions for test puzzles.
",OneShot_3_3_15,OneShot_3_3_17,3,3,1,1,
319,gpt-4o,"
Provide solutions for test puzzles.
",OneShot_3_3_15,OneShot_3_3_18,3,3,0,0,
320,gpt-4o,"
Provide solutions for test puzzles.
",OneShot_3_3_15,OneShot_3_3_19,3,3,1,1,
321,gpt-4o,"
Provide solutions for test puzzles.
",OneShot_3_3_16,OneShot_3_3_10,3,3,0,0,
322,gpt-4o,"
Provide solutions for test puzzles.
",OneShot_3_3_16,OneShot_3_3_11,3,3,1,1,
323,gpt-4o,"
Provide solutions for test puzzles.
",OneShot_3_3_16,OneShot_3_3_12,3,3,0,0,
324,gpt-4o,"
Provide solutions for test puzzles.
",OneShot_3_3_16,OneShot_3_3_13,3,3,0,0,
325,gpt-4o,"
Provide solutions for test puzzles.
",OneShot_3_3_16,OneShot_3_3_14,3,3,1,1,
326,gpt-4o,"
Provide solutions for test puzzles.
",OneShot_3_3_16,OneShot_3_3_15,3,3,0,0,
327,gpt-4o,"
Provide solutions for test puzzles.
",OneShot_3_3_16,OneShot_3_3_17,3,3,1,1,
328,gpt-4o,"
Provide solutions for test puzzles.
",OneShot_3_3_16,OneShot_3_3_18,3,3,0,0,
329,gpt-4o,"
Provide solutions for test puzzles.
",OneShot_3_3_16,OneShot_3_3_19,3,3,1,1,
330,gpt-4o,"
Provide solutions for test puzzles.
",OneShot_3_3_17,OneShot_3_3_10,3,3,0,0,
331,gpt-4o,"
Provide solutions for test puzzles.
",OneShot_3_3_17,OneShot_3_3_11,3,3,1,1,
332,gpt-4o,"
Provide solutions for test puzzles.
",OneShot_3_3_17,OneShot_3_3_12,3,3,0,0,
333,gpt-4o,"
Provide solutions for test puzzles.
",OneShot_3_3_17,OneShot_3_3_13,3,3,0,0,
334,gpt-4o,"
Provide solutions for test puzzles.
",OneShot_3_3_17,OneShot_3_3_14,3,3,1,1,
335,gpt-4o,"
Provide solutions for test puzzles.
",OneShot_3_3_17,OneShot_3_3_15,3,3,0,0,
336,gpt-4o,"
Provide solutions for test puzzles.
",OneShot_3_3_17,OneShot_3_3_16,3,3,1,1,
337,gpt-4o,"
Provide solutions for test puzzles.
",OneShot_3_3_17,OneShot_3_3_18,3,3,0,0,
338,gpt-4o,"
Provide solutions for test puzzles.
",OneShot_3_3_17,OneShot_3_3_19,3,3,0,0,
339,gpt-4o,"
Provide solutions for test puzzles.
",OneShot_3_3_18,OneShot_3_3_10,3,3,0,0,
340,gpt-4o,"
Provide solutions for test puzzles.
",OneShot_3_3_18,OneShot_3_3_11,3,3,0,0,
341,gpt-4o,"
Provide solutions for test puzzles.
",OneShot_3_3_18,OneShot_3_3_12,3,3,0,0,
342,gpt-4o,"
Provide solutions for test puzzles.
",OneShot_3_3_18,OneShot_3_3_13,3,3,0,0,
343,gpt-4o,"
Provide solutions for test puzzles.
",OneShot_3_3_18,OneShot_3_3_14,3,3,1,1,
344,gpt-4o,"
Provide solutions for test puzzles.
",OneShot_3_3_18,OneShot_3_3_15,3,3,0,0,
345,gpt-4o,"
Provide solutions for test puzzles.
",OneShot_3_3_18,OneShot_3_3_16,3,3,0,0,
346,gpt-4o,"
Provide solutions for test puzzles.
",OneShot_3_3_18,OneShot_3_3_17,3,3,1,1,
347,gpt-4o,"
Provide solutions for test puzzles.
",OneShot_3_3_18,OneShot_3_3_19,3,3,0,0,
348,gpt-4o,"
Provide solutions for test puzzles.
",OneShot_3_3_19,OneShot_3_3_10,3,3,0,0,
349,gpt-4o,"
Provide solutions for test puzzles.
",OneShot_3_3_19,OneShot_3_3_11,3,3,1,1,
350,gpt-4o,"
Provide solutions for test puzzles.
",OneShot_3_3_19,OneShot_3_3_12,3,3,0,0,
351,gpt-4o,"
Provide solutions for test puzzles.
",OneShot_3_3_19,OneShot_3_3_13,3,3,0,0,
352,gpt-4o,"
Provide solutions for test puzzles.
",OneShot_3_3_19,OneShot_3_3_14,3,3,1,1,
353,gpt-4o,"
Provide solutions for test puzzles.
",OneShot_3_3_19,OneShot_3_3_15,3,3,0,0,
354,gpt-4o,"
Provide solutions for test puzzles.
",OneShot_3_3_19,OneShot_3_3_16,3,3,1,1,
355,gpt-4o,"
Provide solutions for test puzzles.
",OneShot_3_3_19,OneShot_3_3_17,3,3,1,1,
356,gpt-4o,"
Provide solutions for test puzzles.
",OneShot_3_3_19,OneShot_3_3_18,3,3,0,0,
357,gpt-4o,"
Provide solutions for test puzzles.
",OneShot_3_3_20,OneShot_3_3_21,3,3,0,0,
358,gpt-4o,"
Provide solutions for test puzzles.
",OneShot_3_3_20,OneShot_3_3_22,3,3,0,0,
359,gpt-4o,"
Provide solutions for test puzzles.
",OneShot_3_3_20,OneShot_3_3_23,3,3,0,0,
360,gpt-4o,"
Provide solutions for test puzzles.
",OneShot_3_3_20,OneShot_3_3_24,3,3,0,0,
361,gpt-4o,"
Provide solutions for test puzzles.
",OneShot_3_3_21,OneShot_3_3_20,3,3,0,0,
362,gpt-4o,"
Provide solutions for test puzzles.
",OneShot_3_3_21,OneShot_3_3_22,3,3,0,0,
363,gpt-4o,"
Provide solutions for test puzzles.
",OneShot_3_3_21,OneShot_3_3_23,3,3,0,0,
364,gpt-4o,"
Provide solutions for test puzzles.
",OneShot_3_3_21,OneShot_3_3_24,3,3,0,0,
365,gpt-4o,"
Provide solutions for test puzzles.
",OneShot_3_3_22,OneShot_3_3_20,3,3,0,0,
366,gpt-4o,"
Provide solutions for test puzzles.
",OneShot_3_3_22,OneShot_3_3_21,3,3,0,0,
367,gpt-4o,"
Provide solutions for test puzzles.
",OneShot_3_3_22,OneShot_3_3_23,3,3,0,0,
368,gpt-4o,"
Provide solutions for test puzzles.
",OneShot_3_3_22,OneShot_3_3_24,3,3,0,0,
369,gpt-4o,"
Provide solutions for test puzzles.
",OneShot_3_3_23,OneShot_3_3_20,3,3,0,0,
370,gpt-4o,"
Provide solutions for test puzzles.
",OneShot_3_3_23,OneShot_3_3_21,3,3,0,0,
371,gpt-4o,"
Provide solutions for test puzzles.
",OneShot_3_3_23,OneShot_3_3_22,3,3,0,0,
372,gpt-4o,"
Provide solutions for test puzzles.
",OneShot_3_3_23,OneShot_3_3_24,3,3,0,0,
373,gpt-4o,"
Provide solutions for test puzzles.
",OneShot_3_3_24,OneShot_3_3_20,3,3,0,0,
374,gpt-4o,"
Provide solutions for test puzzles.
",OneShot_3_3_24,OneShot_3_3_21,3,3,0,0,
375,gpt-4o,"
Provide solutions for test puzzles.
",OneShot_3_3_24,OneShot_3_3_22,3,3,0,0,
376,gpt-4o,"
Provide solutions for test puzzles.
",OneShot_3_3_24,OneShot_3_3_23,3,3,0,0,
397,gpt-4o,"
Provide solutions for test puzzles.
",OneShot_3_3_50,OneShot_3_3_51,3,3,0,0,
398,gpt-4o,"
Provide solutions for test puzzles.
",OneShot_3_3_50,OneShot_3_3_52,3,3,0,0,
399,gpt-4o,"
Provide solutions for test puzzles.
",OneShot_3_3_50,OneShot_3_3_53,3,3,0,0,
400,gpt-4o,"
Provide solutions for test puzzles.
",OneShot_3_3_50,OneShot_3_3_54,3,3,1,1,
401,gpt-4o,"
Provide solutions for test puzzles.
",OneShot_3_3_50,OneShot_3_3_55,3,3,1,1,
402,gpt-4o,"
Provide solutions for test puzzles.
",OneShot_3_3_50,OneShot_3_3_56,3,3,0,0,
403,gpt-4o,"
Provide solutions for test puzzles.
",OneShot_3_3_50,OneShot_3_3_57,3,3,0,0,
404,gpt-4o,"
Provide solutions for test puzzles.
",OneShot_3_3_50,OneShot_3_3_58,3,3,1,1,
405,gpt-4o,"
Provide solutions for test puzzles.
",OneShot_3_3_50,OneShot_3_3_59,3,3,1,1,
406,gpt-4o,"
Provide solutions for test puzzles.
",OneShot_3_3_51,OneShot_3_3_50,3,3,0,0,
407,gpt-4o,"
Provide solutions for test puzzles.
",OneShot_3_3_51,OneShot_3_3_52,3,3,1,1,
408,gpt-4o,"
Provide solutions for test puzzles.
",OneShot_3_3_51,OneShot_3_3_53,3,3,1,1,
409,gpt-4o,"
Provide solutions for test puzzles.
",OneShot_3_3_51,OneShot_3_3_54,3,3,0,0,
410,gpt-4o,"
Provide solutions for test puzzles.
",OneShot_3_3_51,OneShot_3_3_55,3,3,1,1,
411,gpt-4o,"
Provide solutions for test puzzles.
",OneShot_3_3_51,OneShot_3_3_56,3,3,0,0,
412,gpt-4o,"
Provide solutions for test puzzles.
",OneShot_3_3_51,OneShot_3_3_57,3,3,0,0,
413,gpt-4o,"
Provide solutions for test puzzles.
",OneShot_3_3_51,OneShot_3_3_58,3,3,0,0,
414,gpt-4o,"
Provide solutions for test puzzles.
",OneShot_3_3_51,OneShot_3_3_59,3,3,1,1,
415,gpt-4o,"
Provide solutions for test puzzles.
",OneShot_3_3_52,OneShot_3_3_50,3,3,0,0,
416,gpt-4o,"
Provide solutions for test puzzles.
",OneShot_3_3_52,OneShot_3_3_51,3,3,0,0,
417,gpt-4o,"
Provide solutions for test puzzles.
",OneShot_3_3_52,OneShot_3_3_53,3,3,1,1,
418,gpt-4o,"
Provide solutions for test puzzles.
",OneShot_3_3_52,OneShot_3_3_54,3,3,0,0,
419,gpt-4o,"
Provide solutions for test puzzles.
",OneShot_3_3_52,OneShot_3_3_55,3,3,1,1,
420,gpt-4o,"
Provide solutions for test puzzles.
",OneShot_3_3_52,OneShot_3_3_56,3,3,0,0,
421,gpt-4o,"
Provide solutions for test puzzles.
",OneShot_3_3_52,OneShot_3_3_57,3,3,0,0,
422,gpt-4o,"
Provide solutions for test puzzles.
",OneShot_3_3_52,OneShot_3_3_58,3,3,1,1,
423,gpt-4o,"
Provide solutions for test puzzles.
",OneShot_3_3_52,OneShot_3_3_59,3,3,1,1,
424,gpt-4o,"
Provide solutions for test puzzles.
",OneShot_3_3_53,OneShot_3_3_50,3,3,0,0,
425,gpt-4o,"
Provide solutions for test puzzles.
",OneShot_3_3_53,OneShot_3_3_51,3,3,0,0,
426,gpt-4o,"
Provide solutions for test puzzles.
",OneShot_3_3_53,OneShot_3_3_52,3,3,1,1,
427,gpt-4o,"
Provide solutions for test puzzles.
",OneShot_3_3_53,OneShot_3_3_54,3,3,0,0,
428,gpt-4o,"
Provide solutions for test puzzles.
",OneShot_3_3_53,OneShot_3_3_55,3,3,1,1,
429,gpt-4o,"
Provide solutions for test puzzles.
",OneShot_3_3_53,OneShot_3_3_56,3,3,0,0,
430,gpt-4o,"
Provide solutions for test puzzles.
",OneShot_3_3_53,OneShot_3_3_57,3,3,0,0,
431,gpt-4o,"
Provide solutions for test puzzles.
",OneShot_3_3_53,OneShot_3_3_58,3,3,1,1,
432,gpt-4o,"
Provide solutions for test puzzles.
",OneShot_3_3_53,OneShot_3_3_59,3,3,1,1,
433,gpt-4o,"
Provide solutions for test puzzles.
",OneShot_3_3_54,OneShot_3_3_50,3,3,0,0,
434,gpt-4o,"
Provide solutions for test puzzles.
",OneShot_3_3_54,OneShot_3_3_51,3,3,0,0,
435,gpt-4o,"
Provide solutions for test puzzles.
",OneShot_3_3_54,OneShot_3_3_52,3,3,1,1,
436,gpt-4o,"
Provide solutions for test puzzles.
",OneShot_3_3_54,OneShot_3_3_53,3,3,0,0,
437,gpt-4o,"
Provide solutions for test puzzles.
",OneShot_3_3_54,OneShot_3_3_55,3,3,0,0,
438,gpt-4o,"
Provide solutions for test puzzles.
",OneShot_3_3_54,OneShot_3_3_56,3,3,0,0,
439,gpt-4o,"
Provide solutions for test puzzles.
",OneShot_3_3_54,OneShot_3_3_57,3,3,0,0,
440,gpt-4o,"
Provide solutions for test puzzles.
",OneShot_3_3_54,OneShot_3_3_58,3,3,1,1,
441,gpt-4o,"
Provide solutions for test puzzles.
",OneShot_3_3_54,OneShot_3_3_59,3,3,0,0,
442,gpt-4o,"
Provide solutions for test puzzles.
",OneShot_3_3_55,OneShot_3_3_50,3,3,0,0,
443,gpt-4o,"
Provide solutions for test puzzles.
",OneShot_3_3_55,OneShot_3_3_51,3,3,0,0,
444,gpt-4o,"
Provide solutions for test puzzles.
",OneShot_3_3_55,OneShot_3_3_52,3,3,1,1,
445,gpt-4o,"
Provide solutions for test puzzles.
",OneShot_3_3_55,OneShot_3_3_53,3,3,1,1,
446,gpt-4o,"
Provide solutions for test puzzles.
",OneShot_3_3_55,OneShot_3_3_54,3,3,0,0,
447,gpt-4o,"
Provide solutions for test puzzles.
",OneShot_3_3_55,OneShot_3_3_56,3,3,0,0,
448,gpt-4o,"
Provide solutions for test puzzles.
",OneShot_3_3_55,OneShot_3_3_57,3,3,0,0,
449,gpt-4o,"
Provide solutions for test puzzles.
",OneShot_3_3_55,OneShot_3_3_58,3,3,1,1,
450,gpt-4o,"
Provide solutions for test puzzles.
",OneShot_3_3_55,OneShot_3_3_59,3,3,1,1,
451,gpt-4o,"
Provide solutions for test puzzles.
",OneShot_3_3_56,OneShot_3_3_50,3,3,0,0,
452,gpt-4o,"
Provide solutions for test puzzles.
",OneShot_3_3_56,OneShot_3_3_51,3,3,0,0,
453,gpt-4o,"
Provide solutions for test puzzles.
",OneShot_3_3_56,OneShot_3_3_52,3,3,1,1,
454,gpt-4o,"
Provide solutions for test puzzles.
",OneShot_3_3_56,OneShot_3_3_53,3,3,0,0,
455,gpt-4o,"
Provide solutions for test puzzles.
",OneShot_3_3_56,OneShot_3_3_54,3,3,1,1,
456,gpt-4o,"
Provide solutions for test puzzles.
",OneShot_3_3_56,OneShot_3_3_55,3,3,0,0,
457,gpt-4o,"
Provide solutions for test puzzles.
",OneShot_3_3_56,OneShot_3_3_57,3,3,0,0,
458,gpt-4o,"
Provide solutions for test puzzles.
",OneShot_3_3_56,OneShot_3_3_58,3,3,0,0,
459,gpt-4o,"
Provide solutions for test puzzles.
",OneShot_3_3_56,OneShot_3_3_59,3,3,1,1,
460,gpt-4o,"
Provide solutions for test puzzles.
",OneShot_3_3_57,OneShot_3_3_50,3,3,0,0,
461,gpt-4o,"
Provide solutions for test puzzles.
",OneShot_3_3_57,OneShot_3_3_51,3,3,0,0,
462,gpt-4o,"
Provide solutions for test puzzles.
",OneShot_3_3_57,OneShot_3_3_52,3,3,1,1,
463,gpt-4o,"
Provide solutions for test puzzles.
",OneShot_3_3_57,OneShot_3_3_53,3,3,0,0,
464,gpt-4o,"
Provide solutions for test puzzles.
",OneShot_3_3_57,OneShot_3_3_54,3,3,0,0,
465,gpt-4o,"
Provide solutions for test puzzles.
",OneShot_3_3_57,OneShot_3_3_55,3,3,1,1,
466,gpt-4o,"
Provide solutions for test puzzles.
",OneShot_3_3_57,OneShot_3_3_56,3,3,0,0,
467,gpt-4o,"
Provide solutions for test puzzles.
",OneShot_3_3_57,OneShot_3_3_58,3,3,0,0,
468,gpt-4o,"
Provide solutions for test puzzles.
",OneShot_3_3_57,OneShot_3_3_59,3,3,1,1,
469,gpt-4o,"
Provide solutions for test puzzles.
",OneShot_3_3_58,OneShot_3_3_50,3,3,0,0,
470,gpt-4o,"
Provide solutions for test puzzles.
",OneShot_3_3_58,OneShot_3_3_51,3,3,0,0,
471,gpt-4o,"
Provide solutions for test puzzles.
",OneShot_3_3_58,OneShot_3_3_52,3,3,1,1,
472,gpt-4o,"
Provide solutions for test puzzles.
",OneShot_3_3_58,OneShot_3_3_53,3,3,1,1,
473,gpt-4o,"
Provide solutions for test puzzles.
",OneShot_3_3_58,OneShot_3_3_54,3,3,0,0,
474,gpt-4o,"
Provide solutions for test puzzles.
",OneShot_3_3_58,OneShot_3_3_55,3,3,1,1,
475,gpt-4o,"
Provide solutions for test puzzles.
",OneShot_3_3_58,OneShot_3_3_56,3,3,0,0,
476,gpt-4o,"
Provide solutions for test puzzles.
",OneShot_3_3_58,OneShot_3_3_57,3,3,0,0,
477,gpt-4o,"
Provide solutions for test puzzles.
",OneShot_3_3_58,OneShot_3_3_59,3,3,1,1,
478,gpt-4o,"
Provide solutions for test puzzles.
",OneShot_3_3_59,OneShot_3_3_50,3,3,0,0,
479,gpt-4o,"
Provide solutions for test puzzles.
",OneShot_3_3_59,OneShot_3_3_51,3,3,0,0,
480,gpt-4o,"
Provide solutions for test puzzles.
",OneShot_3_3_59,OneShot_3_3_52,3,3,1,1,
481,gpt-4o,"
Provide solutions for test puzzles.
",OneShot_3_3_59,OneShot_3_3_53,3,3,1,1,
482,gpt-4o,"
Provide solutions for test puzzles.
",OneShot_3_3_59,OneShot_3_3_54,3,3,0,0,
483,gpt-4o,"
Provide solutions for test puzzles.
",OneShot_3_3_59,OneShot_3_3_55,3,3,1,1,
484,gpt-4o,"
Provide solutions for test puzzles.
",OneShot_3_3_59,OneShot_3_3_56,3,3,0,0,
485,gpt-4o,"
Provide solutions for test puzzles.
",OneShot_3_3_59,OneShot_3_3_57,3,3,0,0,
486,gpt-4o,"
Provide solutions for test puzzles.
",OneShot_3_3_59,OneShot_3_3_58,3,3,1,1,
487,gpt-4o,"
Provide solutions for test puzzles.
",OneShot_3_3_50,OneShot_3_3_51,3,3,0,0,
488,gpt-4o,"
Provide solutions for test puzzles.
",OneShot_3_3_50,OneShot_3_3_52,3,3,1,1,
489,gpt-4o,"
Provide solutions for test puzzles.
",OneShot_3_3_50,OneShot_3_3_53,3,3,1,1,
490,gpt-4o,"
Provide solutions for test puzzles.
",OneShot_3_3_50,OneShot_3_3_54,3,3,1,1,
491,gpt-4o,"
Provide solutions for test puzzles.
",OneShot_3_3_50,OneShot_3_3_55,3,3,1,1,
492,gpt-4o,"
Provide solutions for test puzzles.
",OneShot_3_3_50,OneShot_3_3_56,3,3,1,1,
493,gpt-4o,"
Provide solutions for test puzzles.
",OneShot_3_3_50,OneShot_3_3_57,3,3,0,0,
494,gpt-4o,"
Provide solutions for test puzzles.
",OneShot_3_3_50,OneShot_3_3_58,3,3,0,0,
495,gpt-4o,"
Provide solutions for test puzzles.
",OneShot_3_3_50,OneShot_3_3_59,3,3,1,1,
496,gpt-4o,"
Provide solutions for test puzzles.
",OneShot_3_3_51,OneShot_3_3_50,3,3,0,0,
497,gpt-4o,"
Provide solutions for test puzzles.
",OneShot_3_3_51,OneShot_3_3_52,3,3,0,0,
498,gpt-4o,"
Provide solutions for test puzzles.
",OneShot_3_3_51,OneShot_3_3_53,3,3,1,1,
499,gpt-4o,"
Provide solutions for test puzzles.
",OneShot_3_3_51,OneShot_3_3_54,3,3,0,0,
500,gpt-4o,"
Provide solutions for test puzzles.
",OneShot_3_3_51,OneShot_3_3_55,3,3,1,1,
501,gpt-4o,"
Provide solutions for test puzzles.
",OneShot_3_3_51,OneShot_3_3_56,3,3,0,0,
502,gpt-4o,"
Provide solutions for test puzzles.
",OneShot_3_3_51,OneShot_3_3_57,3,3,0,0,
503,gpt-4o,"
Provide solutions for test puzzles.
",OneShot_3_3_51,OneShot_3_3_58,3,3,0,0,
504,gpt-4o,"
Provide solutions for test puzzles.
",OneShot_3_3_51,OneShot_3_3_59,3,3,1,1,
505,gpt-4o,"
Provide solutions for test puzzles.
",OneShot_3_3_52,OneShot_3_3_50,3,3,0,0,
506,gpt-4o,"
Provide solutions for test puzzles.
",OneShot_3_3_52,OneShot_3_3_51,3,3,0,0,
507,gpt-4o,"
Provide solutions for test puzzles.
",OneShot_3_3_52,OneShot_3_3_53,3,3,1,1,
508,gpt-4o,"
Provide solutions for test puzzles.
",OneShot_3_3_52,OneShot_3_3_54,3,3,0,0,
509,gpt-4o,"
Provide solutions for test puzzles.
",OneShot_3_3_52,OneShot_3_3_55,3,3,1,1,
510,gpt-4o,"
Provide solutions for test puzzles.
",OneShot_3_3_52,OneShot_3_3_56,3,3,0,0,
511,gpt-4o,"
Provide solutions for test puzzles.
",OneShot_3_3_52,OneShot_3_3_57,3,3,0,0,
512,gpt-4o,"
Provide solutions for test puzzles.
",OneShot_3_3_52,OneShot_3_3_58,3,3,1,1,
513,gpt-4o,"
Provide solutions for test puzzles.
",OneShot_3_3_52,OneShot_3_3_59,3,3,1,1,
514,gpt-4o,"
Provide solutions for test puzzles.
",OneShot_3_3_53,OneShot_3_3_50,3,3,0,0,
515,gpt-4o,"
Provide solutions for test puzzles.
",OneShot_3_3_53,OneShot_3_3_51,3,3,0,0,
516,gpt-4o,"
Provide solutions for test puzzles.
",OneShot_3_3_53,OneShot_3_3_52,3,3,1,1,
517,gpt-4o,"
Provide solutions for test puzzles.
",OneShot_3_3_53,OneShot_3_3_54,3,3,0,0,
518,gpt-4o,"
Provide solutions for test puzzles.
",OneShot_3_3_53,OneShot_3_3_55,3,3,1,1,
519,gpt-4o,"
Provide solutions for test puzzles.
",OneShot_3_3_53,OneShot_3_3_56,3,3,0,0,
520,gpt-4o,"
Provide solutions for test puzzles.
",OneShot_3_3_53,OneShot_3_3_57,3,3,0,0,
521,gpt-4o,"
Provide solutions for test puzzles.
",OneShot_3_3_53,OneShot_3_3_58,3,3,1,1,
522,gpt-4o,"
Provide solutions for test puzzles.
",OneShot_3_3_53,OneShot_3_3_59,3,3,1,1,
523,gpt-4o,"
Provide solutions for test puzzles.
",OneShot_3_3_54,OneShot_3_3_50,3,3,0,0,
524,gpt-4o,"
Provide solutions for test puzzles.
",OneShot_3_3_54,OneShot_3_3_51,3,3,0,0,
525,gpt-4o,"
Provide solutions for test puzzles.
",OneShot_3_3_54,OneShot_3_3_52,3,3,0,0,
526,gpt-4o,"
Provide solutions for test puzzles.
",OneShot_3_3_54,OneShot_3_3_53,3,3,0,0,
527,gpt-4o,"
Provide solutions for test puzzles.
",OneShot_3_3_54,OneShot_3_3_55,3,3,1,1,
528,gpt-4o,"
Provide solutions for test puzzles.
",OneShot_3_3_54,OneShot_3_3_56,3,3,0,0,
529,gpt-4o,"
Provide solutions for test puzzles.
",OneShot_3_3_54,OneShot_3_3_57,3,3,0,0,
530,gpt-4o,"
Provide solutions for test puzzles.
",OneShot_3_3_54,OneShot_3_3_58,3,3,0,0,
531,gpt-4o,"
Provide solutions for test puzzles.
",OneShot_3_3_54,OneShot_3_3_59,3,3,1,1,
532,gpt-4o,"
Provide solutions for test puzzles.
",OneShot_3_3_55,OneShot_3_3_50,3,3,0,0,
533,gpt-4o,"
Provide solutions for test puzzles.
",OneShot_3_3_55,OneShot_3_3_51,3,3,0,0,
534,gpt-4o,"
Provide solutions for test puzzles.
",OneShot_3_3_55,OneShot_3_3_52,3,3,1,1,
535,gpt-4o,"
Provide solutions for test puzzles.
",OneShot_3_3_55,OneShot_3_3_53,3,3,1,1,
536,gpt-4o,"
Provide solutions for test puzzles.
",OneShot_3_3_55,OneShot_3_3_54,3,3,1,1,
537,gpt-4o,"
Provide solutions for test puzzles.
",OneShot_3_3_55,OneShot_3_3_56,3,3,0,0,
538,gpt-4o,"
Provide solutions for test puzzles.
",OneShot_3_3_55,OneShot_3_3_57,3,3,0,0,
539,gpt-4o,"
Provide solutions for test puzzles.
",OneShot_3_3_55,OneShot_3_3_58,3,3,1,1,
540,gpt-4o,"
Provide solutions for test puzzles.
",OneShot_3_3_55,OneShot_3_3_59,3,3,1,1,
541,gpt-4o,"
Provide solutions for test puzzles.
",OneShot_3_3_56,OneShot_3_3_50,3,3,1,1,
542,gpt-4o,"
Provide solutions for test puzzles.
",OneShot_3_3_56,OneShot_3_3_51,3,3,0,0,
543,gpt-4o,"
Provide solutions for test puzzles.
",OneShot_3_3_56,OneShot_3_3_52,3,3,0,0,
544,gpt-4o,"
Provide solutions for test puzzles.
",OneShot_3_3_56,OneShot_3_3_53,3,3,1,1,
545,gpt-4o,"
Provide solutions for test puzzles.
",OneShot_3_3_56,OneShot_3_3_54,3,3,0,0,
546,gpt-4o,"
Provide solutions for test puzzles.
",OneShot_3_3_56,OneShot_3_3_55,3,3,0,0,
547,gpt-4o,"
Provide solutions for test puzzles.
",OneShot_3_3_56,OneShot_3_3_57,3,3,0,0,
548,gpt-4o,"
Provide solutions for test puzzles.
",OneShot_3_3_56,OneShot_3_3_58,3,3,0,0,
549,gpt-4o,"
Provide solutions for test puzzles.
",OneShot_3_3_56,OneShot_3_3_59,3,3,1,1,
550,gpt-4o,"
Provide solutions for test puzzles.
",OneShot_3_3_57,OneShot_3_3_50,3,3,0,0,
551,gpt-4o,"
Provide solutions for test puzzles.
",OneShot_3_3_57,OneShot_3_3_51,3,3,0,0,
552,gpt-4o,"
Provide solutions for test puzzles.
",OneShot_3_3_57,OneShot_3_3_52,3,3,1,1,
553,gpt-4o,"
Provide solutions for test puzzles.
",OneShot_3_3_57,OneShot_3_3_53,3,3,1,1,
554,gpt-4o,"
Provide solutions for test puzzles.
",OneShot_3_3_57,OneShot_3_3_54,3,3,1,1,
555,gpt-4o,"
Provide solutions for test puzzles.
",OneShot_3_3_57,OneShot_3_3_55,3,3,1,1,
556,gpt-4o,"
Provide solutions for test puzzles.
",OneShot_3_3_57,OneShot_3_3_56,3,3,1,1,
557,gpt-4o,"
Provide solutions for test puzzles.
",OneShot_3_3_57,OneShot_3_3_58,3,3,0,0,
558,gpt-4o,"
Provide solutions for test puzzles.
",OneShot_3_3_57,OneShot_3_3_59,3,3,1,1,
559,gpt-4o,"
Provide solutions for test puzzles.
",OneShot_3_3_58,OneShot_3_3_50,3,3,0,0,
560,gpt-4o,"
Provide solutions for test puzzles.
",OneShot_3_3_58,OneShot_3_3_51,3,3,0,0,
561,gpt-4o,"
Provide solutions for test puzzles.
",OneShot_3_3_58,OneShot_3_3_52,3,3,1,1,
562,gpt-4o,"
Provide solutions for test puzzles.
",OneShot_3_3_58,OneShot_3_3_53,3,3,1,1,
563,gpt-4o,"
Provide solutions for test puzzles.
",OneShot_3_3_58,OneShot_3_3_54,3,3,0,0,
564,gpt-4o,"
Provide solutions for test puzzles.
",OneShot_3_3_58,OneShot_3_3_55,3,3,1,1,
565,gpt-4o,"
Provide solutions for test puzzles.
",OneShot_3_3_58,OneShot_3_3_56,3,3,0,0,
566,gpt-4o,"
Provide solutions for test puzzles.
",OneShot_3_3_58,OneShot_3_3_57,3,3,0,0,
567,gpt-4o,"
Provide solutions for test puzzles.
",OneShot_3_3_58,OneShot_3_3_59,3,3,1,1,
568,gpt-4o,"
Provide solutions for test puzzles.
",OneShot_3_3_59,OneShot_3_3_50,3,3,0,0,
569,gpt-4o,"
Provide solutions for test puzzles.
",OneShot_3_3_59,OneShot_3_3_51,3,3,0,0,
570,gpt-4o,"
Provide solutions for test puzzles.
",OneShot_3_3_59,OneShot_3_3_52,3,3,1,1,
571,gpt-4o,"
Provide solutions for test puzzles.
",OneShot_3_3_59,OneShot_3_3_53,3,3,1,1,
572,gpt-4o,"
Provide solutions for test puzzles.
",OneShot_3_3_59,OneShot_3_3_54,3,3,0,0,
573,gpt-4o,"
Provide solutions for test puzzles.
",OneShot_3_3_59,OneShot_3_3_55,3,3,1,1,
574,gpt-4o,"
Provide solutions for test puzzles.
",OneShot_3_3_59,OneShot_3_3_56,3,3,0,0,
575,gpt-4o,"
Provide solutions for test puzzles.
",OneShot_3_3_59,OneShot_3_3_57,3,3,0,0,
576,gpt-4o,"
Provide solutions for test puzzles.
",OneShot_3_3_59,OneShot_3_3_58,3,3,1,1,
577,gpt-4o,"
Provide solutions for test puzzles.
",OneShot_3_3_50,OneShot_3_3_51,3,3,0,0,
578,gpt-4o,"
Provide solutions for test puzzles.
",OneShot_4_3_60,OneShot_4_3_61,4,3,0,0,
579,gpt-4o,"
Provide solutions for test puzzles.
",OneShot_4_3_60,OneShot_4_3_62,4,3,0,0,
580,gpt-4o,"
Provide solutions for test puzzles.
",OneShot_4_3_60,OneShot_4_3_63,4,3,1,1,
581,gpt-4o,"
Provide solutions for test puzzles.
",OneShot_4_3_60,OneShot_4_3_64,4,3,1,1,
582,gpt-4o,"
Provide solutions for test puzzles.
",OneShot_4_3_60,OneShot_4_3_65,4,3,0,0,
583,gpt-4o,"
Provide solutions for test puzzles.
",OneShot_4_3_60,OneShot_4_3_66,4,3,1,1,
584,gpt-4o,"
Provide solutions for test puzzles.
",OneShot_4_3_60,OneShot_4_3_67,4,3,0,0,
585,gpt-4o,"
Provide solutions for test puzzles.
",OneShot_4_3_60,OneShot_4_3_68,4,3,0,0,
586,gpt-4o,"
Provide solutions for test puzzles.
",OneShot_4_3_60,OneShot_4_3_69,4,3,0,0,
587,gpt-4o,"
Provide solutions for test puzzles.
",OneShot_4_3_61,OneShot_4_3_60,4,3,0,0,
588,gpt-4o,"
Provide solutions for test puzzles.
",OneShot_4_3_61,OneShot_4_3_62,4,3,0,0,
589,gpt-4o,"
Provide solutions for test puzzles.
",OneShot_4_3_61,OneShot_4_3_63,4,3,1,1,
590,gpt-4o,"
Provide solutions for test puzzles.
",OneShot_4_3_61,OneShot_4_3_64,4,3,0,0,
591,gpt-4o,"
Provide solutions for test puzzles.
",OneShot_4_3_61,OneShot_4_3_65,4,3,0,0,
592,gpt-4o,"
Provide solutions for test puzzles.
",OneShot_4_3_61,OneShot_4_3_66,4,3,1,1,
593,gpt-4o,"
Provide solutions for test puzzles.
",OneShot_4_3_61,OneShot_4_3_67,4,3,0,0,
594,gpt-4o,"
Provide solutions for test puzzles.
",OneShot_4_3_61,OneShot_4_3_68,4,3,0,0,
595,gpt-4o,"
Provide solutions for test puzzles.
",OneShot_4_3_61,OneShot_4_3_69,4,3,1,1,
596,gpt-4o,"
Provide solutions for test puzzles.
",OneShot_4_3_62,OneShot_4_3_60,4,3,0,0,
597,gpt-4o,"
Provide solutions for test puzzles.
",OneShot_4_3_62,OneShot_4_3_61,4,3,0,0,
598,gpt-4o,"
Provide solutions for test puzzles.
",OneShot_4_3_62,OneShot_4_3_63,4,3,0,0,
599,gpt-4o,"
Provide solutions for test puzzles.
",OneShot_4_3_62,OneShot_4_3_64,4,3,0,0,
600,gpt-4o,"
Provide solutions for test puzzles.
",OneShot_4_3_62,OneShot_4_3_65,4,3,0,0,
601,gpt-4o,"
Provide solutions for test puzzles.
",OneShot_4_3_62,OneShot_4_3_66,4,3,0,0,
602,gpt-4o,"
Provide solutions for test puzzles.
",OneShot_4_3_62,OneShot_4_3_67,4,3,0,0,
603,gpt-4o,"
Provide solutions for test puzzles.
",OneShot_4_3_62,OneShot_4_3_68,4,3,1,1,
604,gpt-4o,"
Provide solutions for test puzzles.
",OneShot_4_3_62,OneShot_4_3_69,4,3,1,1,
605,gpt-4o,"
Provide solutions for test puzzles.
",OneShot_4_3_63,OneShot_4_3_60,4,3,0,0,
606,gpt-4o,"
Provide solutions for test puzzles.
",OneShot_4_3_63,OneShot_4_3_61,4,3,0,0,
607,gpt-4o,"
Provide solutions for test puzzles.
",OneShot_4_3_63,OneShot_4_3_62,4,3,0,0,
608,gpt-4o,"
Provide solutions for test puzzles.
",OneShot_4_3_63,OneShot_4_3_64,4,3,0,0,
609,gpt-4o,"
Provide solutions for test puzzles.
",OneShot_4_3_63,OneShot_4_3_65,4,3,0,0,
610,gpt-4o,"
Provide solutions for test puzzles.
",OneShot_4_3_63,OneShot_4_3_66,4,3,1,1,
611,gpt-4o,"
Provide solutions for test puzzles.
",OneShot_4_3_63,OneShot_4_3_67,4,3,0,0,
612,gpt-4o,"
Provide solutions for test puzzles.
",OneShot_4_3_63,OneShot_4_3_68,4,3,1,1,
613,gpt-4o,"
Provide solutions for test puzzles.
",OneShot_4_3_63,OneShot_4_3_69,4,3,1,1,
614,gpt-4o,"
Provide solutions for test puzzles.
",OneShot_4_3_64,OneShot_4_3_60,4,3,0,0,
615,gpt-4o,"
Provide solutions for test puzzles.
",OneShot_4_3_64,OneShot_4_3_61,4,3,0,0,
616,gpt-4o,"
Provide solutions for test puzzles.
",OneShot_4_3_64,OneShot_4_3_62,4,3,0,0,
617,gpt-4o,"
Provide solutions for test puzzles.
",OneShot_4_3_64,OneShot_4_3_63,4,3,1,1,
618,gpt-4o,"
Provide solutions for test puzzles.
",OneShot_4_3_64,OneShot_4_3_65,4,3,0,0,
619,gpt-4o,"
Provide solutions for test puzzles.
",OneShot_4_3_64,OneShot_4_3_66,4,3,0,0,
620,gpt-4o,"
Provide solutions for test puzzles.
",OneShot_4_3_64,OneShot_4_3_67,4,3,0,0,
621,gpt-4o,"
Provide solutions for test puzzles.
",OneShot_4_3_64,OneShot_4_3_68,4,3,1,1,
622,gpt-4o,"
Provide solutions for test puzzles.
",OneShot_4_3_64,OneShot_4_3_69,4,3,0,0,
623,gpt-4o,"
Provide solutions for test puzzles.
",OneShot_4_3_65,OneShot_4_3_60,4,3,0,0,
624,gpt-4o,"
Provide solutions for test puzzles.
",OneShot_4_3_65,OneShot_4_3_61,4,3,0,0,
625,gpt-4o,"
Provide solutions for test puzzles.
",OneShot_4_3_65,OneShot_4_3_62,4,3,0,0,
626,gpt-4o,"
Provide solutions for test puzzles.
",OneShot_4_3_65,OneShot_4_3_63,4,3,0,0,
627,gpt-4o,"
Provide solutions for test puzzles.
",OneShot_4_3_65,OneShot_4_3_64,4,3,0,0,
628,gpt-4o,"
Provide solutions for test puzzles.
",OneShot_4_3_65,OneShot_4_3_66,4,3,0,0,
629,gpt-4o,"
Provide solutions for test puzzles.
",OneShot_4_3_65,OneShot_4_3_67,4,3,0,0,
630,gpt-4o,"
Provide solutions for test puzzles.
",OneShot_4_3_65,OneShot_4_3_68,4,3,0,0,
631,gpt-4o,"
Provide solutions for test puzzles.
",OneShot_4_3_65,OneShot_4_3_69,4,3,1,1,
632,gpt-4o,"
Provide solutions for test puzzles.
",OneShot_4_3_66,OneShot_4_3_60,4,3,0,0,
633,gpt-4o,"
Provide solutions for test puzzles.
",OneShot_4_3_66,OneShot_4_3_61,4,3,0,0,
634,gpt-4o,"
Provide solutions for test puzzles.
",OneShot_4_3_66,OneShot_4_3_62,4,3,0,0,
635,gpt-4o,"
Provide solutions for test puzzles.
",OneShot_4_3_66,OneShot_4_3_63,4,3,1,1,
636,gpt-4o,"
Provide solutions for test puzzles.
",OneShot_4_3_66,OneShot_4_3_64,4,3,0,0,
637,gpt-4o,"
Provide solutions for test puzzles.
",OneShot_4_3_66,OneShot_4_3_65,4,3,0,0,
638,gpt-4o,"
Provide solutions for test puzzles.
",OneShot_4_3_66,OneShot_4_3_67,4,3,0,0,
639,gpt-4o,"
Provide solutions for test puzzles.
",OneShot_4_3_66,OneShot_4_3_68,4,3,1,1,
640,gpt-4o,"
Provide solutions for test puzzles.
",OneShot_4_3_66,OneShot_4_3_69,4,3,1,1,
641,gpt-4o,"
Provide solutions for test puzzles.
",OneShot_4_3_67,OneShot_4_3_60,4,3,1,1,
642,gpt-4o,"
Provide solutions for test puzzles.
",OneShot_4_3_67,OneShot_4_3_61,4,3,0,0,
643,gpt-4o,"
Provide solutions for test puzzles.
",OneShot_4_3_67,OneShot_4_3_62,4,3,0,0,
644,gpt-4o,"
Provide solutions for test puzzles.
",OneShot_4_3_67,OneShot_4_3_63,4,3,1,1,
645,gpt-4o,"
Provide solutions for test puzzles.
",OneShot_4_3_67,OneShot_4_3_64,4,3,1,1,
646,gpt-4o,"
Provide solutions for test puzzles.
",OneShot_4_3_67,OneShot_4_3_65,4,3,0,0,
647,gpt-4o,"
Provide solutions for test puzzles.
",OneShot_4_3_67,OneShot_4_3_66,4,3,1,1,
648,gpt-4o,"
Provide solutions for test puzzles.
",OneShot_4_3_67,OneShot_4_3_68,4,3,1,1,
649,gpt-4o,"
Provide solutions for test puzzles.
",OneShot_4_3_67,OneShot_4_3_69,4,3,0,0,
650,gpt-4o,"
Provide solutions for test puzzles.
",OneShot_4_3_68,OneShot_4_3_60,4,3,0,0,
651,gpt-4o,"
Provide solutions for test puzzles.
",OneShot_4_3_68,OneShot_4_3_61,4,3,0,0,
652,gpt-4o,"
Provide solutions for test puzzles.
",OneShot_4_3_68,OneShot_4_3_62,4,3,0,0,
653,gpt-4o,"
Provide solutions for test puzzles.
",OneShot_4_3_68,OneShot_4_3_63,4,3,1,1,
654,gpt-4o,"
Provide solutions for test puzzles.
",OneShot_4_3_68,OneShot_4_3_64,4,3,0,0,
655,gpt-4o,"
Provide solutions for test puzzles.
",OneShot_4_3_68,OneShot_4_3_65,4,3,0,0,
656,gpt-4o,"
Provide solutions for test puzzles.
",OneShot_4_3_68,OneShot_4_3_66,4,3,1,1,
657,gpt-4o,"
Provide solutions for test puzzles.
",OneShot_4_3_68,OneShot_4_3_67,4,3,0,0,
658,gpt-4o,"
Provide solutions for test puzzles.
",OneShot_4_3_68,OneShot_4_3_69,4,3,1,1,
659,gpt-4o,"
Provide solutions for test puzzles.
",OneShot_4_3_69,OneShot_4_3_60,4,3,0,0,
660,gpt-4o,"
Provide solutions for test puzzles.
",OneShot_4_3_69,OneShot_4_3_61,4,3,0,0,
661,gpt-4o,"
Provide solutions for test puzzles.
",OneShot_4_3_69,OneShot_4_3_62,4,3,0,0,
662,gpt-4o,"
Provide solutions for test puzzles.
",OneShot_4_3_69,OneShot_4_3_63,4,3,1,1,
663,gpt-4o,"
Provide solutions for test puzzles.
",OneShot_4_3_69,OneShot_4_3_64,4,3,1,1,
664,gpt-4o,"
Provide solutions for test puzzles.
",OneShot_4_3_69,OneShot_4_3_65,4,3,0,0,
665,gpt-4o,"
Provide solutions for test puzzles.
",OneShot_4_3_69,OneShot_4_3_66,4,3,1,1,
666,gpt-4o,"
Provide solutions for test puzzles.
",OneShot_4_3_69,OneShot_4_3_67,4,3,0,0,
667,gpt-4o,"
Provide solutions for test puzzles.
",OneShot_4_3_69,OneShot_4_3_68,4,3,1,1,
668,gpt-4o,"
Provide solutions for test puzzles.
",OneShot_5_3_70,OneShot_5_3_71,5,3,1,1.0000,
669,gpt-4o,"
Provide solutions for test puzzles.
",OneShot_5_3_70,OneShot_5_3_72,5,3,1,1.0000,
670,gpt-4o,"
Provide solutions for test puzzles.
",OneShot_5_3_70,OneShot_5_3_73,5,3,1,1.0000,
671,gpt-4o,"
Provide solutions for test puzzles.
",OneShot_5_3_70,OneShot_5_3_74,5,3,1,1.0000,
672,gpt-4o,"
Provide solutions for test puzzles.
",OneShot_5_3_70,OneShot_5_3_75,5,3,0,0.0000,
673,gpt-4o,"
Provide solutions for test puzzles.
",OneShot_5_3_70,OneShot_5_3_76,5,3,1,1.0000,
674,gpt-4o,"
Provide solutions for test puzzles.
",OneShot_5_3_70,OneShot_5_3_77,5,3,0,0.0000,
675,gpt-4o,"
Provide solutions for test puzzles.
",OneShot_5_3_70,OneShot_5_3_78,5,3,0,0.0000,
676,gpt-4o,"
Provide solutions for test puzzles.
",OneShot_5_3_70,OneShot_5_3_79,5,3,0,0.0000,
677,gpt-4o,"
Provide solutions for test puzzles.
",OneShot_5_3_71,OneShot_5_3_70,5,3,0,0.0000,
678,gpt-4o,"
Provide solutions for test puzzles.
",OneShot_5_3_71,OneShot_5_3_72,5,3,0,0.0000,
679,gpt-4o,"
Provide solutions for test puzzles.
",OneShot_5_3_71,OneShot_5_3_73,5,3,0,0.0000,
680,gpt-4o,"
Provide solutions for test puzzles.
",OneShot_5_3_71,OneShot_5_3_74,5,3,1,1.0000,
681,gpt-4o,"
Provide solutions for test puzzles.
",OneShot_5_3_71,OneShot_5_3_75,5,3,0,0.0000,
682,gpt-4o,"
Provide solutions for test puzzles.
",OneShot_5_3_71,OneShot_5_3_76,5,3,1,1.0000,
683,gpt-4o,"
Provide solutions for test puzzles.
",OneShot_5_3_71,OneShot_5_3_77,5,3,0,0.0000,
684,gpt-4o,"
Provide solutions for test puzzles.
",OneShot_5_3_71,OneShot_5_3_78,5,3,0,0.0000,
685,gpt-4o,"
Provide solutions for test puzzles.
",OneShot_5_3_71,OneShot_5_3_79,5,3,0,0.0000,
686,gpt-4o,"
Provide solutions for test puzzles.
",OneShot_5_3_72,OneShot_5_3_70,5,3,1,1.0000,
687,gpt-4o,"
Provide solutions for test puzzles.
",OneShot_5_3_72,OneShot_5_3_71,5,3,1,1.0000,
688,gpt-4o,"
Provide solutions for test puzzles.
",OneShot_5_3_72,OneShot_5_3_73,5,3,1,1.0000,
689,gpt-4o,"
Provide solutions for test puzzles.
",OneShot_5_3_72,OneShot_5_3_74,5,3,1,1.0000,
690,gpt-4o,"
Provide solutions for test puzzles.
",OneShot_5_3_72,OneShot_5_3_75,5,3,0,0.0000,
691,gpt-4o,"
Provide solutions for test puzzles.
",OneShot_5_3_72,OneShot_5_3_76,5,3,1,1.0000,
692,gpt-4o,"
Provide solutions for test puzzles.
",OneShot_5_3_72,OneShot_5_3_77,5,3,0,0.0000,
693,gpt-4o,"
Provide solutions for test puzzles.
",OneShot_5_3_72,OneShot_5_3_78,5,3,0,0.0000,
694,gpt-4o,"
Provide solutions for test puzzles.
",OneShot_5_3_72,OneShot_5_3_79,5,3,0,0.0000,
695,gpt-4o,"
Provide solutions for test puzzles.
",OneShot_5_3_73,OneShot_5_3_70,5,3,1,1.0000,
696,gpt-4o,"
Provide solutions for test puzzles.
",OneShot_5_3_73,OneShot_5_3_71,5,3,1,1.0000,
697,gpt-4o,"
Provide solutions for test puzzles.
",OneShot_5_3_73,OneShot_5_3_72,5,3,1,1.0000,
698,gpt-4o,"
Provide solutions for test puzzles.
",OneShot_5_3_73,OneShot_5_3_74,5,3,1,1.0000,
699,gpt-4o,"
Provide solutions for test puzzles.
",OneShot_5_3_73,OneShot_5_3_75,5,3,0,0.0000,
700,gpt-4o,"
Provide solutions for test puzzles.
",OneShot_5_3_73,OneShot_5_3_76,5,3,1,1.0000,
701,gpt-4o,"
Provide solutions for test puzzles.
",OneShot_5_3_73,OneShot_5_3_77,5,3,0,0.0000,
702,gpt-4o,"
Provide solutions for test puzzles.
",OneShot_5_3_73,OneShot_5_3_78,5,3,0,0.0000,
703,gpt-4o,"
Provide solutions for test puzzles.
",OneShot_5_3_73,OneShot_5_3_79,5,3,0,0.0000,
704,gpt-4o,"
Provide solutions for test puzzles.
",OneShot_5_3_74,OneShot_5_3_70,5,3,1,1.0000,
705,gpt-4o,"
Provide solutions for test puzzles.
",OneShot_5_3_74,OneShot_5_3_71,5,3,1,1.0000,
706,gpt-4o,"
Provide solutions for test puzzles.
",OneShot_5_3_74,OneShot_5_3_72,5,3,1,1.0000,
707,gpt-4o,"
Provide solutions for test puzzles.
",OneShot_5_3_74,OneShot_5_3_73,5,3,1,1.0000,
708,gpt-4o,"
Provide solutions for test puzzles.
",OneShot_5_3_74,OneShot_5_3_75,5,3,0,0.0000,
709,gpt-4o,"
Provide solutions for test puzzles.
",OneShot_5_3_74,OneShot_5_3_76,5,3,1,1.0000,
710,gpt-4o,"
Provide solutions for test puzzles.
",OneShot_5_3_74,OneShot_5_3_77,5,3,0,0.0000,
711,gpt-4o,"
Provide solutions for test puzzles.
",OneShot_5_3_74,OneShot_5_3_78,5,3,0,0.0000,
712,gpt-4o,"
Provide solutions for test puzzles.
",OneShot_5_3_74,OneShot_5_3_79,5,3,0,0.0000,
713,gpt-4o,"
Provide solutions for test puzzles.
",OneShot_5_3_75,OneShot_5_3_70,5,3,1,1.0000,
714,gpt-4o,"
Provide solutions for test puzzles.
",OneShot_5_3_75,OneShot_5_3_71,5,3,0,0.0000,
715,gpt-4o,"
Provide solutions for test puzzles.
",OneShot_5_3_75,OneShot_5_3_72,5,3,0,0.0000,
716,gpt-4o,"
Provide solutions for test puzzles.
",OneShot_5_3_75,OneShot_5_3_73,5,3,0,0.0000,
717,gpt-4o,"
Provide solutions for test puzzles.
",OneShot_5_3_75,OneShot_5_3_74,5,3,0,0.0000,
718,gpt-4o,"
Provide solutions for test puzzles.
",OneShot_5_3_75,OneShot_5_3_76,5,3,0,0.0000,
719,gpt-4o,"
Provide solutions for test puzzles.
",OneShot_5_3_75,OneShot_5_3_77,5,3,0,0.0000,
720,gpt-4o,"
Provide solutions for test puzzles.
",OneShot_5_3_75,OneShot_5_3_78,5,3,1,1.0000,
721,gpt-4o,"
Provide solutions for test puzzles.
",OneShot_5_3_75,OneShot_5_3_79,5,3,0,0.0000,
722,gpt-4o,"
Provide solutions for test puzzles.
",OneShot_5_3_76,OneShot_5_3_70,5,3,1,1.0000,
723,gpt-4o,"
Provide solutions for test puzzles.
",OneShot_5_3_76,OneShot_5_3_71,5,3,1,1.0000,
724,gpt-4o,"
Provide solutions for test puzzles.
",OneShot_5_3_76,OneShot_5_3_72,5,3,1,1.0000,
725,gpt-4o,"
Provide solutions for test puzzles.
",OneShot_5_3_76,OneShot_5_3_73,5,3,1,1.0000,
726,gpt-4o,"
Provide solutions for test puzzles.
",OneShot_5_3_76,OneShot_5_3_74,5,3,1,1.0000,
727,gpt-4o,"
Provide solutions for test puzzles.
",OneShot_5_3_76,OneShot_5_3_75,5,3,0,0.0000,
728,gpt-4o,"
Provide solutions for test puzzles.
",OneShot_5_3_76,OneShot_5_3_77,5,3,0,0.0000,
729,gpt-4o,"
Provide solutions for test puzzles.
",OneShot_5_3_76,OneShot_5_3_78,5,3,0,0.0000,
730,gpt-4o,"
Provide solutions for test puzzles.
",OneShot_5_3_76,OneShot_5_3_79,5,3,0,0.0000,
731,gpt-4o,"
Provide solutions for test puzzles.
",OneShot_5_3_77,OneShot_5_3_70,5,3,0,0.0000,
732,gpt-4o,"
Provide solutions for test puzzles.
",OneShot_5_3_77,OneShot_5_3_71,5,3,0,0.0000,
733,gpt-4o,"
Provide solutions for test puzzles.
",OneShot_5_3_77,OneShot_5_3_72,5,3,0,0.0000,
734,gpt-4o,"
Provide solutions for test puzzles.
",OneShot_5_3_77,OneShot_5_3_73,5,3,0,0.0000,
735,gpt-4o,"
Provide solutions for test puzzles.
",OneShot_5_3_77,OneShot_5_3_74,5,3,0,0.0000,
736,gpt-4o,"
Provide solutions for test puzzles.
",OneShot_5_3_77,OneShot_5_3_75,5,3,0,0.0000,
737,gpt-4o,"
Provide solutions for test puzzles.
",OneShot_5_3_77,OneShot_5_3_76,5,3,0,0.0000,
738,gpt-4o,"
Provide solutions for test puzzles.
",OneShot_5_3_77,OneShot_5_3_78,5,3,0,0.0000,
739,gpt-4o,"
Provide solutions for test puzzles.
",OneShot_5_3_77,OneShot_5_3_79,5,3,0,0.0000,
740,gpt-4o,"
Provide solutions for test puzzles.
",OneShot_5_3_78,OneShot_5_3_70,5,3,0,0.0000,
741,gpt-4o,"
Provide solutions for test puzzles.
",OneShot_5_3_78,OneShot_5_3_71,5,3,0,0.0000,
742,gpt-4o,"
Provide solutions for test puzzles.
",OneShot_5_3_78,OneShot_5_3_72,5,3,0,0.0000,
743,gpt-4o,"
Provide solutions for test puzzles.
",OneShot_5_3_78,OneShot_5_3_73,5,3,0,0.0000,
744,gpt-4o,"
Provide solutions for test puzzles.
",OneShot_5_3_78,OneShot_5_3_74,5,3,0,0.0000,
745,gpt-4o,"
Provide solutions for test puzzles.
",OneShot_5_3_78,OneShot_5_3_75,5,3,1,1.0000,
746,gpt-4o,"
Provide solutions for test puzzles.
",OneShot_5_3_78,OneShot_5_3_76,5,3,0,0.0000,
747,gpt-4o,"
Provide solutions for test puzzles.
",OneShot_5_3_78,OneShot_5_3_77,5,3,0,0.0000,
748,gpt-4o,"
Provide solutions for test puzzles.
",OneShot_5_3_78,OneShot_5_3_79,5,3,0,0.0000,
749,gpt-4o,"
Provide solutions for test puzzles.
",OneShot_5_3_79,OneShot_5_3_70,5,3,0,0.0000,
750,gpt-4o,"
Provide solutions for test puzzles.
",OneShot_5_3_79,OneShot_5_3_71,5,3,1,1.0000,
751,gpt-4o,"
Provide solutions for test puzzles.
",OneShot_5_3_79,OneShot_5_3_72,5,3,0,0.0000,
752,gpt-4o,"
Provide solutions for test puzzles.
",OneShot_5_3_79,OneShot_5_3_73,5,3,0,0.0000,
753,gpt-4o,"
Provide solutions for test puzzles.
",OneShot_5_3_79,OneShot_5_3_74,5,3,1,1.0000,
754,gpt-4o,"
Provide solutions for test puzzles.
",OneShot_5_3_79,OneShot_5_3_75,5,3,1,1.0000,
755,gpt-4o,"
Provide solutions for test puzzles.
",OneShot_5_3_79,OneShot_5_3_76,5,3,1,1.0000,
756,gpt-4o,"
Provide solutions for test puzzles.
",OneShot_5_3_79,OneShot_5_3_77,5,3,0,0.0000,
757,gpt-4o,"
Provide solutions for test puzzles.
",OneShot_5_3_79,OneShot_5_3_78,5,3,0,0.0000,
758,gpt-4o,"
Provide solutions for test puzzles.
",OneShot_6_3_80,OneShot_6_3_81,6,3,0,0.0000,
759,gpt-4o,"
Provide solutions for test puzzles.
",OneShot_6_3_80,OneShot_6_3_82,6,3,0,0.0000,
760,gpt-4o,"
Provide solutions for test puzzles.
",OneShot_6_3_80,OneShot_6_3_83,6,3,0,0.0000,
761,gpt-4o,"
Provide solutions for test puzzles.
",OneShot_6_3_80,OneShot_6_3_84,6,3,0,0.0000,
762,gpt-4o,"
Provide solutions for test puzzles.
",OneShot_6_3_80,OneShot_6_3_85,6,3,0,0.0000,
763,gpt-4o,"
Provide solutions for test puzzles.
",OneShot_6_3_80,OneShot_6_3_86,6,3,1,1.0000,
764,gpt-4o,"
Provide solutions for test puzzles.
",OneShot_6_3_80,OneShot_6_3_87,6,3,0,0.0000,
765,gpt-4o,"
Provide solutions for test puzzles.
",OneShot_6_3_80,OneShot_6_3_88,6,3,0,0.0000,
766,gpt-4o,"
Provide solutions for test puzzles.
",OneShot_6_3_80,OneShot_6_3_89,6,3,1,1.0000,
767,gpt-4o,"
Provide solutions for test puzzles.
",OneShot_6_3_81,OneShot_6_3_80,6,3,0,0.0000,
768,gpt-4o,"
Provide solutions for test puzzles.
",OneShot_6_3_81,OneShot_6_3_82,6,3,0,0.0000,
769,gpt-4o,"
Provide solutions for test puzzles.
",OneShot_6_3_81,OneShot_6_3_83,6,3,0,0.0000,
770,gpt-4o,"
Provide solutions for test puzzles.
",OneShot_6_3_81,OneShot_6_3_84,6,3,0,0.0000,
771,gpt-4o,"
Provide solutions for test puzzles.
",OneShot_6_3_81,OneShot_6_3_85,6,3,1,1.0000,
772,gpt-4o,"
Provide solutions for test puzzles.
",OneShot_6_3_81,OneShot_6_3_86,6,3,1,1.0000,
773,gpt-4o,"
Provide solutions for test puzzles.
",OneShot_6_3_81,OneShot_6_3_87,6,3,0,0.0000,
774,gpt-4o,"
Provide solutions for test puzzles.
",OneShot_6_3_81,OneShot_6_3_88,6,3,0,0.0000,
775,gpt-4o,"
Provide solutions for test puzzles.
",OneShot_6_3_81,OneShot_6_3_89,6,3,1,1.0000,
776,gpt-4o,"
Provide solutions for test puzzles.
",OneShot_6_3_82,OneShot_6_3_80,6,3,0,0.0000,
777,gpt-4o,"
Provide solutions for test puzzles.
",OneShot_6_3_82,OneShot_6_3_81,6,3,0,0.0000,
778,gpt-4o,"
Provide solutions for test puzzles.
",OneShot_6_3_82,OneShot_6_3_83,6,3,0,0.0000,
779,gpt-4o,"
Provide solutions for test puzzles.
",OneShot_6_3_82,OneShot_6_3_84,6,3,0,0.0000,
780,gpt-4o,"
Provide solutions for test puzzles.
",OneShot_6_3_82,OneShot_6_3_85,6,3,1,1.0000,
781,gpt-4o,"
Provide solutions for test puzzles.
",OneShot_6_3_82,OneShot_6_3_86,6,3,0,0.0000,
782,gpt-4o,"
Provide solutions for test puzzles.
",OneShot_6_3_82,OneShot_6_3_87,6,3,0,0.0000,
783,gpt-4o,"
Provide solutions for test puzzles.
",OneShot_6_3_82,OneShot_6_3_88,6,3,0,0.0000,
784,gpt-4o,"
Provide solutions for test puzzles.
",OneShot_6_3_82,OneShot_6_3_89,6,3,0,0.0000,
785,gpt-4o,"
Provide solutions for test puzzles.
",OneShot_6_3_83,OneShot_6_3_80,6,3,0,0.0000,
786,gpt-4o,"
Provide solutions for test puzzles.
",OneShot_6_3_83,OneShot_6_3_81,6,3,1,1.0000,
787,gpt-4o,"
Provide solutions for test puzzles.
",OneShot_6_3_83,OneShot_6_3_82,6,3,0,0.0000,
788,gpt-4o,"
Provide solutions for test puzzles.
",OneShot_6_3_83,OneShot_6_3_84,6,3,0,0.0000,
789,gpt-4o,"
Provide solutions for test puzzles.
",OneShot_6_3_83,OneShot_6_3_85,6,3,1,1.0000,
790,gpt-4o,"
Provide solutions for test puzzles.
",OneShot_6_3_83,OneShot_6_3_86,6,3,1,1.0000,
791,gpt-4o,"
Provide solutions for test puzzles.
",OneShot_6_3_83,OneShot_6_3_87,6,3,0,0.0000,
792,gpt-4o,"
Provide solutions for test puzzles.
",OneShot_6_3_83,OneShot_6_3_88,6,3,0,0.0000,
793,gpt-4o,"
Provide solutions for test puzzles.
",OneShot_6_3_83,OneShot_6_3_89,6,3,1,1.0000,
794,gpt-4o,"
Provide solutions for test puzzles.
",OneShot_6_3_84,OneShot_6_3_80,6,3,0,0.0000,
795,gpt-4o,"
Provide solutions for test puzzles.
",OneShot_6_3_84,OneShot_6_3_81,6,3,0,0.0000,
796,gpt-4o,"
Provide solutions for test puzzles.
",OneShot_6_3_84,OneShot_6_3_82,6,3,0,0.0000,
797,gpt-4o,"
Provide solutions for test puzzles.
",OneShot_6_3_84,OneShot_6_3_83,6,3,0,0.0000,
798,gpt-4o,"
Provide solutions for test puzzles.
",OneShot_6_3_84,OneShot_6_3_85,6,3,1,1.0000,
799,gpt-4o,"
Provide solutions for test puzzles.
",OneShot_6_3_84,OneShot_6_3_86,6,3,1,1.0000,
800,gpt-4o,"
Provide solutions for test puzzles.
",OneShot_6_3_84,OneShot_6_3_87,6,3,0,0.0000,
801,gpt-4o,"
Provide solutions for test puzzles.
",OneShot_6_3_84,OneShot_6_3_88,6,3,0,0.0000,
802,gpt-4o,"
Provide solutions for test puzzles.
",OneShot_6_3_84,OneShot_6_3_89,6,3,1,1.0000,
803,gpt-4o,"
Provide solutions for test puzzles.
",OneShot_6_3_85,OneShot_6_3_80,6,3,0,0.0000,
804,gpt-4o,"
Provide solutions for test puzzles.
",OneShot_6_3_85,OneShot_6_3_81,6,3,1,1.0000,
805,gpt-4o,"
Provide solutions for test puzzles.
",OneShot_6_3_85,OneShot_6_3_82,6,3,0,0.0000,
806,gpt-4o,"
Provide solutions for test puzzles.
",OneShot_6_3_85,OneShot_6_3_83,6,3,0,0.0000,
807,gpt-4o,"
Provide solutions for test puzzles.
",OneShot_6_3_85,OneShot_6_3_84,6,3,0,0.0000,
808,gpt-4o,"
Provide solutions for test puzzles.
",OneShot_6_3_85,OneShot_6_3_86,6,3,1,1.0000,
809,gpt-4o,"
Provide solutions for test puzzles.
",OneShot_6_3_85,OneShot_6_3_87,6,3,0,0.0000,
810,gpt-4o,"
Provide solutions for test puzzles.
",OneShot_6_3_85,OneShot_6_3_88,6,3,0,0.0000,
811,gpt-4o,"
Provide solutions for test puzzles.
",OneShot_6_3_85,OneShot_6_3_89,6,3,1,1.0000,
812,gpt-4o,"
Provide solutions for test puzzles.
",OneShot_6_3_86,OneShot_6_3_80,6,3,0,0.0000,
813,gpt-4o,"
Provide solutions for test puzzles.
",OneShot_6_3_86,OneShot_6_3_81,6,3,1,1.0000,
814,gpt-4o,"
Provide solutions for test puzzles.
",OneShot_6_3_86,OneShot_6_3_82,6,3,0,0.0000,
815,gpt-4o,"
Provide solutions for test puzzles.
",OneShot_6_3_86,OneShot_6_3_83,6,3,0,0.0000,
816,gpt-4o,"
Provide solutions for test puzzles.
",OneShot_6_3_86,OneShot_6_3_84,6,3,0,0.0000,
817,gpt-4o,"
Provide solutions for test puzzles.
",OneShot_6_3_86,OneShot_6_3_85,6,3,1,1.0000,
818,gpt-4o,"
Provide solutions for test puzzles.
",OneShot_6_3_86,OneShot_6_3_87,6,3,0,0.0000,
819,gpt-4o,"
Provide solutions for test puzzles.
",OneShot_6_3_86,OneShot_6_3_88,6,3,0,0.0000,
820,gpt-4o,"
Provide solutions for test puzzles.
",OneShot_6_3_86,OneShot_6_3_89,6,3,1,1.0000,
821,gpt-4o,"
Provide solutions for test puzzles.
",OneShot_6_3_87,OneShot_6_3_80,6,3,0,0.0000,
822,gpt-4o,"
Provide solutions for test puzzles.
",OneShot_6_3_87,OneShot_6_3_81,6,3,1,1.0000,
823,gpt-4o,"
Provide solutions for test puzzles.
",OneShot_6_3_87,OneShot_6_3_82,6,3,0,0.0000,
824,gpt-4o,"
Provide solutions for test puzzles.
",OneShot_6_3_87,OneShot_6_3_83,6,3,0,0.0000,
825,gpt-4o,"
Provide solutions for test puzzles.
",OneShot_6_3_87,OneShot_6_3_84,6,3,0,0.0000,
826,gpt-4o,"
Provide solutions for test puzzles.
",OneShot_6_3_87,OneShot_6_3_85,6,3,1,1.0000,
827,gpt-4o,"
Provide solutions for test puzzles.
",OneShot_6_3_87,OneShot_6_3_86,6,3,1,1.0000,
828,gpt-4o,"
Provide solutions for test puzzles.
",OneShot_6_3_87,OneShot_6_3_88,6,3,0,0.0000,
829,gpt-4o,"
Provide solutions for test puzzles.
",OneShot_6_3_87,OneShot_6_3_89,6,3,1,1.0000,
830,gpt-4o,"
Provide solutions for test puzzles.
",OneShot_6_3_88,OneShot_6_3_80,6,3,0,0.0000,
831,gpt-4o,"
Provide solutions for test puzzles.
",OneShot_6_3_88,OneShot_6_3_81,6,3,1,1.0000,
832,gpt-4o,"
Provide solutions for test puzzles.
",OneShot_6_3_88,OneShot_6_3_82,6,3,0,0.0000,
833,gpt-4o,"
Provide solutions for test puzzles.
",OneShot_6_3_88,OneShot_6_3_83,6,3,0,0.0000,
834,gpt-4o,"
Provide solutions for test puzzles.
",OneShot_6_3_88,OneShot_6_3_84,6,3,0,0.0000,
835,gpt-4o,"
Provide solutions for test puzzles.
",OneShot_6_3_88,OneShot_6_3_85,6,3,1,1.0000,
836,gpt-4o,"
Provide solutions for test puzzles.
",OneShot_6_3_88,OneShot_6_3_86,6,3,0,0.0000,
837,gpt-4o,"
Provide solutions for test puzzles.
",OneShot_6_3_88,OneShot_6_3_87,6,3,0,0.0000,
838,gpt-4o,"
Provide solutions for test puzzles.
",OneShot_6_3_88,OneShot_6_3_89,6,3,1,1.0000,
839,gpt-4o,"
Provide solutions for test puzzles.
",OneShot_6_3_89,OneShot_6_3_80,6,3,0,0.0000,
840,gpt-4o,"
Provide solutions for test puzzles.
",OneShot_6_3_89,OneShot_6_3_81,6,3,1,1.0000,
841,gpt-4o,"
Provide solutions for test puzzles.
",OneShot_6_3_89,OneShot_6_3_82,6,3,0,0.0000,
842,gpt-4o,"
Provide solutions for test puzzles.
",OneShot_6_3_89,OneShot_6_3_83,6,3,0,0.0000,
843,gpt-4o,"
Provide solutions for test puzzles.
",OneShot_6_3_89,OneShot_6_3_84,6,3,0,0.0000,
844,gpt-4o,"
Provide solutions for test puzzles.
",OneShot_6_3_89,OneShot_6_3_85,6,3,1,1.0000,
845,gpt-4o,"
Provide solutions for test puzzles.
",OneShot_6_3_89,OneShot_6_3_86,6,3,1,1.0000,
846,gpt-4o,"
Provide solutions for test puzzles.
",OneShot_6_3_89,OneShot_6_3_87,6,3,0,0.0000,
847,gpt-4o,"
Provide solutions for test puzzles.
",OneShot_6_3_89,OneShot_6_3_88,6,3,0,0.0000,
848,gpt-4o,Provide solutions for test puzzles.,OneShot_6_3_80,OneShot_6_3_81,6,3,1,1.0000,
849,gpt-4o,Provide solutions for test puzzles.,OneShot_6_3_80,OneShot_6_3_82,6,3,0,0.0000,
850,gpt-4o,Provide solutions for test puzzles.,OneShot_6_3_80,OneShot_6_3_83,6,3,0,0.0000,
851,gpt-4o,Provide solutions for test puzzles.,OneShot_6_3_80,OneShot_6_3_84,6,3,0,0.0000,
852,gpt-4o,Provide solutions for test puzzles.,OneShot_6_3_80,OneShot_6_3_85,6,3,1,1.0000,
853,gpt-4o,Provide solutions for test puzzles.,OneShot_6_3_80,OneShot_6_3_86,6,3,0,0.0000,
854,gpt-4o,Provide solutions for test puzzles.,OneShot_6_3_80,OneShot_6_3_87,6,3,0,0.0000,
855,gpt-4o,Provide solutions for test puzzles.,OneShot_6_3_80,OneShot_6_3_88,6,3,0,0.0000,
856,gpt-4o,Provide solutions for test puzzles.,OneShot_6_3_80,OneShot_6_3_89,6,3,1,1.0000,
857,gpt-4o,Provide solutions for test puzzles.,OneShot_6_3_81,OneShot_6_3_80,6,3,0,0.0000,
858,gpt-4o,Provide solutions for test puzzles.,OneShot_6_3_81,OneShot_6_3_82,6,3,0,0.0000,
859,gpt-4o,Provide solutions for test puzzles.,OneShot_6_3_81,OneShot_6_3_83,6,3,0,0.0000,
860,gpt-4o,Provide solutions for test puzzles.,OneShot_6_3_81,OneShot_6_3_84,6,3,0,0.0000,
861,gpt-4o,Provide solutions for test puzzles.,OneShot_6_3_81,OneShot_6_3_85,6,3,1,1.0000,
862,gpt-4o,Provide solutions for test puzzles.,OneShot_6_3_81,OneShot_6_3_86,6,3,1,1.0000,
863,gpt-4o,Provide solutions for test puzzles.,OneShot_6_3_81,OneShot_6_3_87,6,3,0,0.0000,
864,gpt-4o,Provide solutions for test puzzles.,OneShot_6_3_81,OneShot_6_3_88,6,3,0,0.0000,
865,gpt-4o,Provide solutions for test puzzles.,OneShot_6_3_81,OneShot_6_3_89,6,3,1,1.0000,
866,gpt-4o,Provide solutions for test puzzles.,OneShot_6_3_82,OneShot_6_3_80,6,3,0,0.0000,
867,gpt-4o,Provide solutions for test puzzles.,OneShot_6_3_82,OneShot_6_3_81,6,3,0,0.0000,
868,gpt-4o,Provide solutions for test puzzles.,OneShot_6_3_82,OneShot_6_3_83,6,3,0,0.0000,
869,gpt-4o,Provide solutions for test puzzles.,OneShot_6_3_82,OneShot_6_3_84,6,3,0,0.0000,
870,gpt-4o,Provide solutions for test puzzles.,OneShot_6_3_82,OneShot_6_3_85,6,3,1,1.0000,
871,gpt-4o,Provide solutions for test puzzles.,OneShot_6_3_82,OneShot_6_3_86,6,3,0,0.0000,
872,gpt-4o,Provide solutions for test puzzles.,OneShot_6_3_82,OneShot_6_3_87,6,3,0,0.0000,
873,gpt-4o,Provide solutions for test puzzles.,OneShot_6_3_82,OneShot_6_3_88,6,3,0,0.0000,
874,gpt-4o,Provide solutions for test puzzles.,OneShot_6_3_82,OneShot_6_3_89,6,3,0,0.0000,
875,gpt-4o,Provide solutions for test puzzles.,OneShot_6_3_83,OneShot_6_3_80,6,3,0,0.0000,
876,gpt-4o,Provide solutions for test puzzles.,OneShot_6_3_83,OneShot_6_3_81,6,3,1,1.0000,
877,gpt-4o,Provide solutions for test puzzles.,OneShot_6_3_83,OneShot_6_3_82,6,3,0,0.0000,
878,gpt-4o,Provide solutions for test puzzles.,OneShot_6_3_83,OneShot_6_3_84,6,3,0,0.0000,
879,gpt-4o,Provide solutions for test puzzles.,OneShot_6_3_83,OneShot_6_3_85,6,3,1,1.0000,
880,gpt-4o,Provide solutions for test puzzles.,OneShot_6_3_83,OneShot_6_3_86,6,3,1,1.0000,
881,gpt-4o,Provide solutions for test puzzles.,OneShot_6_3_83,OneShot_6_3_87,6,3,0,0.0000,
882,gpt-4o,Provide solutions for test puzzles.,OneShot_6_3_83,OneShot_6_3_88,6,3,0,0.0000,
883,gpt-4o,Provide solutions for test puzzles.,OneShot_6_3_83,OneShot_6_3_89,6,3,1,1.0000,
884,gpt-4o,Provide solutions for test puzzles.,OneShot_6_3_84,OneShot_6_3_80,6,3,0,0.0000,
885,gpt-4o,Provide solutions for test puzzles.,OneShot_6_3_84,OneShot_6_3_81,6,3,1,1.0000,
886,gpt-4o,Provide solutions for test puzzles.,OneShot_6_3_84,OneShot_6_3_82,6,3,0,0.0000,
887,gpt-4o,Provide solutions for test puzzles.,OneShot_6_3_84,OneShot_6_3_83,6,3,0,0.0000,
888,gpt-4o,Provide solutions for test puzzles.,OneShot_6_3_84,OneShot_6_3_85,6,3,1,1.0000,
889,gpt-4o,Provide solutions for test puzzles.,OneShot_6_3_84,OneShot_6_3_86,6,3,1,1.0000,
890,gpt-4o,Provide solutions for test puzzles.,OneShot_6_3_84,OneShot_6_3_87,6,3,0,0.0000,
891,gpt-4o,Provide solutions for test puzzles.,OneShot_6_3_84,OneShot_6_3_88,6,3,0,0.0000,
892,gpt-4o,Provide solutions for test puzzles.,OneShot_6_3_84,OneShot_6_3_89,6,3,1,1.0000,
893,gpt-4o,Provide solutions for test puzzles.,OneShot_6_3_85,OneShot_6_3_80,6,3,0,0.0000,
894,gpt-4o,Provide solutions for test puzzles.,OneShot_6_3_85,OneShot_6_3_81,6,3,1,1.0000,
895,gpt-4o,Provide solutions for test puzzles.,OneShot_6_3_85,OneShot_6_3_82,6,3,0,0.0000,
896,gpt-4o,Provide solutions for test puzzles.,OneShot_6_3_85,OneShot_6_3_83,6,3,0,0.0000,
897,gpt-4o,Provide solutions for test puzzles.,OneShot_6_3_85,OneShot_6_3_84,6,3,0,0.0000,
898,gpt-4o,Provide solutions for test puzzles.,OneShot_6_3_85,OneShot_6_3_86,6,3,1,1.0000,
899,gpt-4o,Provide solutions for test puzzles.,OneShot_6_3_85,OneShot_6_3_87,6,3,0,0.0000,
900,gpt-4o,Provide solutions for test puzzles.,OneShot_6_3_85,OneShot_6_3_88,6,3,0,0.0000,
901,gpt-4o,Provide solutions for test puzzles.,OneShot_6_3_85,OneShot_6_3_89,6,3,1,1.0000,
902,gpt-4o,Provide solutions for test puzzles.,OneShot_6_3_86,OneShot_6_3_80,6,3,0,0.0000,
903,gpt-4o,Provide solutions for test puzzles.,OneShot_6_3_86,OneShot_6_3_81,6,3,1,1.0000,
904,gpt-4o,Provide solutions for test puzzles.,OneShot_6_3_86,OneShot_6_3_82,6,3,0,0.0000,
905,gpt-4o,Provide solutions for test puzzles.,OneShot_6_3_86,OneShot_6_3_83,6,3,0,0.0000,
906,gpt-4o,Provide solutions for test puzzles.,OneShot_6_3_86,OneShot_6_3_84,6,3,0,0.0000,
907,gpt-4o,Provide solutions for test puzzles.,OneShot_6_3_86,OneShot_6_3_85,6,3,1,1.0000,
908,gpt-4o,Provide solutions for test puzzles.,OneShot_6_3_86,OneShot_6_3_87,6,3,0,0.0000,
909,gpt-4o,Provide solutions for test puzzles.,OneShot_6_3_86,OneShot_6_3_88,6,3,0,0.0000,
910,gpt-4o,Provide solutions for test puzzles.,OneShot_6_3_86,OneShot_6_3_89,6,3,1,1.0000,
911,gpt-4o,Provide solutions for test puzzles.,OneShot_6_3_87,OneShot_6_3_80,6,3,0,0.0000,
912,gpt-4o,Provide solutions for test puzzles.,OneShot_6_3_87,OneShot_6_3_81,6,3,1,1.0000,
913,gpt-4o,Provide solutions for test puzzles.,OneShot_6_3_87,OneShot_6_3_82,6,3,0,0.0000,
914,gpt-4o,Provide solutions for test puzzles.,OneShot_6_3_87,OneShot_6_3_83,6,3,0,0.0000,
915,gpt-4o,Provide solutions for test puzzles.,OneShot_6_3_87,OneShot_6_3_84,6,3,0,0.0000,
916,gpt-4o,Provide solutions for test puzzles.,OneShot_6_3_87,OneShot_6_3_85,6,3,1,1.0000,
917,gpt-4o,Provide solutions for test puzzles.,OneShot_6_3_87,OneShot_6_3_86,6,3,1,1.0000,
918,gpt-4o,Provide solutions for test puzzles.,OneShot_6_3_87,OneShot_6_3_88,6,3,0,0.0000,
919,gpt-4o,Provide solutions for test puzzles.,OneShot_6_3_87,OneShot_6_3_89,6,3,1,1.0000,
920,gpt-4o,Provide solutions for test puzzles.,OneShot_6_3_88,OneShot_6_3_80,6,3,0,0.0000,
921,gpt-4o,Provide solutions for test puzzles.,OneShot_6_3_88,OneShot_6_3_81,6,3,1,1.0000,
922,gpt-4o,Provide solutions for test puzzles.,OneShot_6_3_88,OneShot_6_3_82,6,3,0,0.0000,
923,gpt-4o,Provide solutions for test puzzles.,OneShot_6_3_88,OneShot_6_3_83,6,3,0,0.0000,
924,gpt-4o,Provide solutions for test puzzles.,OneShot_6_3_88,OneShot_6_3_84,6,3,1,1.0000,
925,gpt-4o,Provide solutions for test puzzles.,OneShot_6_3_88,OneShot_6_3_85,6,3,1,1.0000,
926,gpt-4o,Provide solutions for test puzzles.,OneShot_6_3_88,OneShot_6_3_86,6,3,1,1.0000,
927,gpt-4o,Provide solutions for test puzzles.,OneShot_6_3_88,OneShot_6_3_87,6,3,0,0.0000,
928,gpt-4o,Provide solutions for test puzzles.,OneShot_6_3_88,OneShot_6_3_89,6,3,1,1.0000,
929,gpt-4o,Provide solutions for test puzzles.,OneShot_6_3_89,OneShot_6_3_80,6,3,0,0.0000,
930,gpt-4o,Provide solutions for test puzzles.,OneShot_6_3_89,OneShot_6_3_81,6,3,1,1.0000,
931,gpt-4o,Provide solutions for test puzzles.,OneShot_6_3_89,OneShot_6_3_82,6,3,0,0.0000,
932,gpt-4o,Provide solutions for test puzzles.,OneShot_6_3_89,OneShot_6_3_83,6,3,0,0.0000,
933,gpt-4o,Provide solutions for test puzzles.,OneShot_6_3_89,OneShot_6_3_84,6,3,0,0.0000,
934,gpt-4o,Provide solutions for test puzzles.,OneShot_6_3_89,OneShot_6_3_85,6,3,1,1.0000,
935,gpt-4o,Provide solutions for test puzzles.,OneShot_6_3_89,OneShot_6_3_86,6,3,1,1.0000,
936,gpt-4o,Provide solutions for test puzzles.,OneShot_6_3_89,OneShot_6_3_87,6,3,0,0.0000,
937,gpt-4o,Provide solutions for test puzzles.,OneShot_6_3_89,OneShot_6_3_88,6,3,0,0.0000,
